empirical_mean_y0,empirical_mean_y5,empirical_mean_y10,empirical_mean_y20,simulated_mean_y0,simulated_mean_y5,simulated_mean_y10,simulated_mean_y20,empirical_median_y0,empirical_median_y5,empirical_median_y10,empirical_median_y20,simulated_median_y0,simulated_median_y5,simulated_median_y10,simulated_median_y20,simulated_y20_q95,simulated_y20_q99,simulated_y20_max,ks_year_max_stat,ks_year_max_p,ks_cum_y5_stat,ks_cum_y5_p
4.3046789420568725,7.7293193247281256,6.428625690650365,5.797863158935677,4.312892346378452,197.21337079154313,1745.8193283563805,100554.28115963624,3.2254690051933212,6.352936743250421,4.6144047052993615,3.694654372707577,2.98269945533404,5.377415889551203,3.7594660759409133,2.8332328040444326,8202.026661072421,216803.6162889019,2698508706.465149,0.12299043478260874,1.951325118132169e-09,0.2747168115942029,6.509533953660591e-46
