model,source,stage,n,mu_hat,alpha_hat,ks_stat,mean,sd,q01,q50,q99
All empirical,empirical,B. years 1-4,8851,0.0,3.8794699794521175,0.10104029915079127,0.7566857884186432,5.414003638482167,-13.371327176636445,0.0,15.42888817528625
All empirical,empirical,C. years 5-7,6401,-0.19070829847287118,3.937164819826284,0.09094968404731696,-0.4293101121232969,5.62234487365489,-15.275857311920209,-0.19070829847287118,15.502144313699768
All empirical,empirical,D. years 8-20,17382,-0.07930790735506177,3.3630526676202637,0.10404127975652189,-0.22096704639996964,4.886889483909737,-13.966737360017662,-0.07930790735506177,13.73290705067161
Naïve-GRW-Y,simulated,B. years 1-4,40000,0.023166872298155505,66.4872217809841,0.33166078059711956,44.64832396625775,1604.874153110175,-165.91829554839475,0.023166872298155505,711.7037615223348
Naïve-GRW-Y,simulated,C. years 5-7,30000,0.0,255.45759158238866,0.35097158164145187,138.6118185788729,4819.778324284773,-906.152178421526,0.0,2381.715222942597
Naïve-GRW-Y,simulated,D. years 8-20,120000,0.0,20149.47468250493,0.4506630406883084,7017.615514880441,2233138.3179457113,-6074.5126704128215,0.0,16273.73525516736
