model,source,stage,n,mu_hat,alpha_hat,ks_stat,mean,sd,q01,q50,q99
All empirical,empirical,B. years 1-4,8851,0.0,3.8794699794521175,0.10104029915079127,0.7566857884186432,5.414003638482167,-13.371327176636445,0.0,15.42888817528625
All empirical,empirical,C. years 5-7,6401,-0.19070829847287118,3.937164819826284,0.09094968404731696,-0.4293101121232969,5.62234487365489,-15.275857311920209,-0.19070829847287118,15.502144313699768
All empirical,empirical,D. years 8-20,17382,-0.07930790735506177,3.3630526676202637,0.10404127975652189,-0.22096704639996964,4.886889483909737,-13.966737360017662,-0.07930790735506177,13.73290705067161
Naïve-GRW-Y,simulated,B. years 1-4,200000,0.046780136156144514,71.94589025612034,0.3356623998645221,46.61776492702369,1001.0121901217038,-181.78889545721393,0.046780136156144514,841.867758684953
Naïve-GRW-Y,simulated,C. years 5-7,150000,0.0,359.9987417140241,0.36305293780528414,181.47529373895208,8234.185727072743,-1033.129978747232,0.0,2906.949440632406
Naïve-GRW-Y,simulated,D. years 8-20,600000,0.0,20123.08733860492,0.4494415531523633,8317.720158968987,3912772.327244962,-7031.115242416674,0.0,18795.23438886043
