empirical_mean_y0,empirical_mean_y5,empirical_mean_y10,empirical_mean_y20,simulated_mean_y0,simulated_mean_y5,simulated_mean_y10,simulated_mean_y20,empirical_median_y0,empirical_median_y5,empirical_median_y10,empirical_median_y20,simulated_median_y0,simulated_median_y5,simulated_median_y10,simulated_median_y20,simulated_y20_q95,simulated_y20_q99,simulated_y20_max,ks_year_max_stat,ks_year_max_p,ks_cum_y5_stat,ks_cum_y5_p
4.3046789420568725,7.7293193247281256,6.428625690650365,5.797863158935677,4.318664786285919,188.62788629064858,1173.7109984895635,84815.84952059251,3.2254690051933212,6.352936743250421,4.6144047052993615,3.694654372707577,3.0190734347648633,5.053756817733514,4.042922119252206,2.9682584531674485,6951.801985038975,181258.1309301354,482511671.19924706,0.12349710144927536,4.874499781979249e-09,0.2680768115942029,2.0574638345254556e-41
