model,source,stage,n,mu_hat,alpha_hat,ks_stat,mean,sd,q01,q50,q99
All empirical,empirical,B. years 1-4,8851,0.0,3.8794699794521175,0.10104029915079127,0.7566857884186432,5.414003638482167,-13.371327176636445,0.0,15.42888817528625
All empirical,empirical,C. years 5-7,6401,-0.19070829847287118,3.937164819826284,0.09094968404731696,-0.4293101121232969,5.62234487365489,-15.275857311920209,-0.19070829847287118,15.502144313699768
All empirical,empirical,D. years 8-20,17382,-0.07930790735506177,3.3630526676202637,0.10404127975652189,-0.22096704639996964,4.886889483909737,-13.966737360017662,-0.07930790735506177,13.73290705067161
Hurdle-AR(1)-GRW-P,simulated,B. years 1-4,200000,0.3355224054884217,4.164443661868533,0.0602712547251974,0.7475775709547005,6.739808944844435,-18.191055000968912,0.3355224054884217,21.25322629125718
Hurdle-AR(1)-GRW-P,simulated,C. years 5-7,150000,0.0,4.388439852591931,0.05049896543210175,-0.312527243732164,7.140717380001248,-21.288253038248957,0.0,20.12538539352017
Hurdle-AR(1)-GRW-P,simulated,D. years 8-20,600000,0.0,3.8030304371643004,0.05262511609502474,-0.07154752726144131,6.562509262579492,-19.196041680814204,0.0,19.236473667001615
