empirical_mean_y0,empirical_mean_y5,empirical_mean_y10,empirical_mean_y20,simulated_mean_y0,simulated_mean_y5,simulated_mean_y10,simulated_mean_y20,empirical_median_y0,empirical_median_y5,empirical_median_y10,empirical_median_y20,simulated_median_y0,simulated_median_y5,simulated_median_y10,simulated_median_y20,empirical_frac_zero_y0,empirical_frac_zero_y5,empirical_frac_zero_y10,empirical_frac_zero_y20,simulated_frac_zero_y0,simulated_frac_zero_y5,simulated_frac_zero_y10,simulated_frac_zero_y20,dropout_gamma_log1p_q,dropout_nll,p_init_active,alpha_q0_pos,lambda_q0_pos,alpha_restart,lambda_restart,restart_n,simulated_y20_q95,simulated_y20_q99,simulated_y20_max,ks_year_max_stat,ks_year_max_p,ks_cum_y5_stat,ks_cum_y5_p,ks_zero_count_stat,ks_zero_count_p
4.3046789420568725,7.7293193247281256,6.428625690650365,5.797863158935677,3.9380060077136783,7.340079068833305,6.107010201374674,5.681778136235514,3.2254690051933212,6.352936743250421,4.6144047052993615,3.694654372707577,2.1556064941847213,5.44196171486478,4.162690896727011,3.68282416142248,0.2097631706138231,0.1137461572244181,0.14608512874408827,0.18181818181818182,0.217,0.142,0.176,0.18,1.1885530696134916,8604.20160042513,0.7902368293861769,5.4473276642909285,0.18357625272945072,4.299784306131943,0.23256980555371004,3061,18.76709620172415,32.462998469095915,78.07774161100548,0.10414492753623189,0.00025791907468812955,0.0761159420289855,0.016503607375836223,0.18569565217391304,8.687798500083487e-13
