empirical_mean_y0,empirical_mean_y5,empirical_mean_y10,empirical_mean_y20,simulated_mean_y0,simulated_mean_y5,simulated_mean_y10,simulated_mean_y20,empirical_median_y0,empirical_median_y5,empirical_median_y10,empirical_median_y20,simulated_median_y0,simulated_median_y5,simulated_median_y10,simulated_median_y20,empirical_frac_zero_y0,empirical_frac_zero_y5,empirical_frac_zero_y10,empirical_frac_zero_y20,simulated_frac_zero_y0,simulated_frac_zero_y5,simulated_frac_zero_y10,simulated_frac_zero_y20,dropout_gamma_log1p_q,dropout_nll,p_init_active,alpha_q0_pos,lambda_q0_pos,alpha_restart,lambda_restart,restart_n,simulated_y20_q95,simulated_y20_q99,simulated_y20_max,ks_year_max_stat,ks_year_max_p,ks_cum_y5_stat,ks_cum_y5_p,ks_zero_count_stat,ks_zero_count_p
4.3046789420568725,7.7293193247281256,6.428625690650365,5.797863158935677,4.579431730655514,7.291190253891295,6.204443980409391,5.601307157503116,3.2254690051933212,6.352936743250421,4.6144047052993615,3.694654372707577,2.5350001576379886,5.548378845353215,4.2342060825680665,3.7277283097550376,0.2097631706138231,0.1137461572244181,0.14608512874408827,0.18181818181818182,0.21285714285714286,0.13,0.15,0.17,1.1885530696134916,8604.20160042513,0.7902368293861769,5.4473276642909285,0.18357625272945072,4.299784306131943,0.23256980555371004,3061,17.273315708895847,29.14001592964519,53.40853610600238,0.10300207039337474,0.0011309895935712408,0.056024844720496896,0.21400216951404932,0.1815527950310559,1.6991798373280546e-10
