model,source,stage,n,mu_hat,alpha_hat,ks_stat,mean,sd,q01,q50,q99
All empirical,empirical,B. years 1-4,8851,0.0,3.8794699794521175,0.10104029915079127,0.7566857884186432,5.414003638482167,-13.371327176636445,0.0,15.42888817528625
All empirical,empirical,C. years 5-7,6401,-0.19070829847287118,3.937164819826284,0.09094968404731696,-0.4293101121232969,5.62234487365489,-15.275857311920209,-0.19070829847287118,15.502144313699768
All empirical,empirical,D. years 8-20,17382,-0.07930790735506177,3.3630526676202637,0.10404127975652189,-0.22096704639996964,4.886889483909737,-13.966737360017662,-0.07930790735506177,13.73290705067161
Hurdle-AR(1)-GRW-P,simulated,B. years 1-4,4000,0.29231798011862214,3.9413067065996774,0.07005236797278497,0.8502215475498197,6.2126644130473245,-15.768080344659184,0.29231798011862214,19.948314308979803
Hurdle-AR(1)-GRW-P,simulated,C. years 5-7,3000,0.0,4.35545055878883,0.05835597270224302,-0.36631643775686235,6.883756814358669,-20.181215751477485,0.0,20.014794203337313
Hurdle-AR(1)-GRW-P,simulated,D. years 8-20,12000,0.0,3.7246669991165726,0.04971548757841715,-0.04661263494393361,6.301261501919685,-18.341334166704684,0.0,19.29689552215457
