empirical_mean_y0,empirical_mean_y5,empirical_mean_y10,empirical_mean_y20,simulated_mean_y0,simulated_mean_y5,simulated_mean_y10,simulated_mean_y20,empirical_median_y0,empirical_median_y5,empirical_median_y10,empirical_median_y20,simulated_median_y0,simulated_median_y5,simulated_median_y10,simulated_median_y20,empirical_frac_zero_y0,empirical_frac_zero_y5,empirical_frac_zero_y10,empirical_frac_zero_y20,simulated_frac_zero_y0,simulated_frac_zero_y5,simulated_frac_zero_y10,simulated_frac_zero_y20,dropout_gamma_log1p_q,dropout_delta_log1p_active_run_excess,dropout_nll,restart_rho_zero_run_excess,restart_duration_nll,p_init_active,gamma_q0_shape,gamma_q0_scale,gamma_q0_rate,alpha_restart,lambda_restart,restart_n,simulated_y20_q95,simulated_y20_q99,simulated_y20_max,ks_year_max_stat,ks_year_max_p,ks_cum_y5_stat,ks_cum_y5_p,ks_zero_count_stat,ks_zero_count_p
4.3046789420568725,7.7293193247281256,6.428625690650365,5.797863158935677,4.303148729441326,7.542120244286502,6.322816681459514,5.988703556725557,3.2254690051933212,6.352936743250421,4.6144047052993615,3.694654372707577,3.5935858137367553,5.6108567891343695,4.417981879731693,3.9240654027660025,0.2097631706138231,0.1137461572244181,0.14608512874408827,0.18181818181818182,0.211,0.1184,0.1386,0.1466,0.840087227436458,-0.9965346786447429,7903.912962573691,0.2992232754767833,3479.3443380197377,0.7902368293861769,2.15167023161791,2.531674038263246,0.3949955582299252,4.299784306131943,0.23256980555371004,3061,18.972999877847023,35.2013776045257,120.28838302303343,0.09434492753623189,1.8802244094835643e-05,0.029030434782608694,0.6366357080436746,0.06906521739130435,0.0040162453949774074
