model,source,stage,n,mu_hat,alpha_hat,ks_stat,mean,sd,q01,q50,q99
All empirical,empirical,B. years 1-4,8851,0.0,3.8794699794521175,0.10104029915079127,0.7566857884186432,5.414003638482167,-13.371327176636445,0.0,15.42888817528625
All empirical,empirical,C. years 5-7,6401,-0.19070829847287118,3.937164819826284,0.09094968404731696,-0.4293101121232969,5.62234487365489,-15.275857311920209,-0.19070829847287118,15.502144313699768
All empirical,empirical,D. years 8-20,17382,-0.07930790735506177,3.3630526676202637,0.10404127975652189,-0.22096704639996964,4.886889483909737,-13.966737360017662,-0.07930790735506177,13.73290705067161
hurdle_ar1_pg_zr_pad,simulated,B. years 1-4,200000,0.31647919335384733,4.248315695738048,0.054143405465688355,0.7242937252103288,6.817358506415611,-18.273666332085156,0.31647919335384733,21.490663574301667
hurdle_ar1_pg_zr_pad,simulated,C. years 5-7,150000,0.0,4.39419932092544,0.05033749519249564,-0.3109843757879246,7.179599022719416,-21.41688781537336,0.0,20.53198996546136
hurdle_ar1_pg_zr_pad,simulated,D. years 8-20,600000,0.0,3.8683707300405237,0.04561845612677862,-0.0608717250446869,6.657184427073974,-19.513188118328,0.0,19.48123955790601
