model,source,stage,n,mu_hat,alpha_hat,ks_stat,mean,sd,q01,q50,q99
All empirical,empirical,B. years 1-4,8851,0.0,3.8794699794521175,0.10104029915079127,0.7566857884186432,5.414003638482167,-13.371327176636445,0.0,15.42888817528625
All empirical,empirical,C. years 5-7,6401,-0.19070829847287118,3.937164819826284,0.09094968404731696,-0.4293101121232969,5.62234487365489,-15.275857311920209,-0.19070829847287118,15.502144313699768
All empirical,empirical,D. years 8-20,17382,-0.07930790735506177,3.3630526676202637,0.10404127975652189,-0.22096704639996964,4.886889483909737,-13.966737360017662,-0.07930790735506177,13.73290705067161
Hurdle-AR(1)-GRW-Y,simulated,B. years 1-4,40000,0.5169936109630411,4.199709401497436,0.06043701209272978,0.752645368073425,6.8619540175316365,-19.209514135478845,0.5169936109630411,21.112093894261577
Hurdle-AR(1)-GRW-Y,simulated,C. years 5-7,30000,0.0,4.420482579252349,0.04530733564362033,-0.3466943275563374,7.249541643157637,-22.29939761238142,0.0,19.704328449580384
Hurdle-AR(1)-GRW-Y,simulated,D. years 8-20,120000,0.0,3.7355535067447327,0.05206115321130639,-0.08533193933048995,6.3660881580952395,-20.014698624332244,0.0,18.203136608332347
