model,source,stage,n,mu_hat,alpha_hat,ks_stat,mean,sd,q01,q50,q99
All empirical,empirical,B. years 1-4,8851,0.0,3.8794699794521175,0.10104029915079127,0.7566857884186432,5.414003638482167,-13.371327176636445,0.0,15.42888817528625
All empirical,empirical,C. years 5-7,6401,-0.19070829847287118,3.937164819826284,0.09094968404731696,-0.4293101121232969,5.62234487365489,-15.275857311920209,-0.19070829847287118,15.502144313699768
All empirical,empirical,D. years 8-20,17382,-0.07930790735506177,3.3630526676202637,0.10404127975652189,-0.22096704639996964,4.886889483909737,-13.966737360017662,-0.07930790735506177,13.73290705067161
Naïve-GRW-Y-Stab,simulated,B. years 1-4,200000,0.36265294196802733,6.848328651429545,0.08073995603793221,0.926856939467706,13.957403285412614,-36.72596996259815,0.36265294196802733,43.73053281149036
Naïve-GRW-Y-Stab,simulated,C. years 5-7,150000,-0.17723782262022592,6.98042451071553,0.07559922630684668,-0.4592651638286062,14.352090327569327,-43.0013786544073,-0.17723782262022592,40.03221153325119
Naïve-GRW-Y-Stab,simulated,D. years 8-20,600000,-0.02440938354727956,5.638941373261404,0.08214075679359567,-0.11326570929961041,12.418652792422497,-35.31239428155029,-0.02440938354727956,34.8004566545259
