model,source,stage,n,mu_hat,alpha_hat,ks_stat,mean,sd,q01,q50,q99
All empirical,empirical,B. years 1-4,8851,0.0,3.8794699794521175,0.10104029915079127,0.7566857884186432,5.414003638482167,-13.371327176636445,0.0,15.42888817528625
All empirical,empirical,C. years 5-7,6401,-0.19070829847287118,3.937164819826284,0.09094968404731696,-0.4293101121232969,5.62234487365489,-15.275857311920209,-0.19070829847287118,15.502144313699768
All empirical,empirical,D. years 8-20,17382,-0.07930790735506177,3.3630526676202637,0.10404127975652189,-0.22096704639996964,4.886889483909737,-13.966737360017662,-0.07930790735506177,13.73290705067161
AR(1)-GRW-Y,simulated,B. years 1-4,40000,0.3491659172167991,6.670623056323857,0.0770337397033731,0.9378128857275763,14.11892671233901,-34.079660509654765,0.3491659172167991,41.71727214469898
AR(1)-GRW-Y,simulated,C. years 5-7,30000,-0.13755952195463145,7.089375123216156,0.07374476773113536,-0.34103457225742156,14.217543802166967,-42.43708070739902,-0.13755952195463145,41.525339378338984
AR(1)-GRW-Y,simulated,D. years 8-20,120000,-0.01683826254923737,5.597051360948298,0.0812263148634853,-0.13657346157053465,12.013673336572538,-35.25874196966333,-0.01683826254923737,34.257742410742196
