cutoffs,nll_mode,nll_mode_fixed,n,min_n,num_cutoffs,k_varying,k_fixed,aic_varying,aic_fixed,bic_varying,bic_fixed
"(4, 7, 13)",80746.05268589006,80951.65784029858,"[8015, 5625, 8923, 5965]",5625,3,12,8,80758.05268589006,80959.65784029858,80750.21156897342,80954.43042902081
"(4, 7, 11)",80746.37107662189,80947.78093342327,"[8015, 5625, 6355, 8533]",5625,3,12,8,80758.37107662189,80955.78093342327,80750.52995970525,80950.5535221455
"(4, 7, 12)",80746.79961378872,80948.99236239505,"[8015, 5625, 7695, 7193]",5625,3,12,8,80758.79961378872,80956.99236239505,80750.95849687209,80951.76495111728
"(4, 7, 15)",80747.32505719778,80951.59403787901,"[8015, 5625, 11033, 3855]",3855,3,12,8,80759.32505719778,80959.59403787901,80751.48394028115,80954.36662660124
"(4, 7, 10)",80747.42099496024,80945.73185096055,"[8015, 5625, 4909, 9979]",4909,3,12,8,80759.42099496024,80953.73185096055,80751.5798780436,80948.50443968279
"(4, 5, 10)",80748.10660153083,80946.39280320442,"[8015, 1945, 8589, 9979]",1945,3,12,8,80760.10660153083,80954.39280320442,80752.2654846142,80949.16539192665
"(4, 6, 11)",80748.23540381732,80949.63473153197,"[8015, 3827, 8153, 8533]",3827,3,12,8,80760.23540381732,80957.63473153197,80752.39428690069,80952.4073202542
"(4, 6, 10)",80748.26342449841,80946.52628727106,"[8015, 3827, 6707, 9979]",3827,3,12,8,80760.26342449841,80954.52628727106,80752.42230758177,80949.29887599329
"(4, 10, 18)",80748.30973932131,80952.59585132709,"[8015, 10534, 8638, 1341]",1341,3,12,8,80760.30973932131,80960.59585132709,80752.46862240467,80955.36844004932
"(4, 7, 14)",80748.57218908466,80953.41703617305,"[8015, 5625, 10027, 4861]",4861,3,12,8,80760.57218908466,80961.41703617305,80752.73107216803,80956.18962489528
"(4, 7, 18)",80748.59049254382,80953.26514196239,"[8015, 5625, 13547, 1341]",1341,3,12,8,80760.59049254382,80961.26514196239,80752.74937562719,80956.03773068462
"(4, 10, 13)",80748.59488825631,80953.8838627634,"[8015, 10534, 4014, 5965]",4014,3,12,8,80760.59488825631,80961.8838627634,80752.75377133967,80956.65645148563
"(4, 5, 11)",80748.99052592769,80950.45322899736,"[8015, 1945, 10035, 8533]",1945,3,12,8,80760.99052592769,80958.45322899736,80753.14940901105,80953.22581771959
"(4, 10, 15)",80749.02496848385,80952.96180723501,"[8015, 10534, 6124, 3855]",3855,3,12,8,80761.02496848385,80960.96180723501,80753.18385156721,80955.73439595725
"(4, 8, 13)",80749.20405638448,80954.36628177106,"[8015, 7350, 7198, 5965]",5965,3,12,8,80761.20405638448,80962.36628177106,80753.36293946784,80957.13887049329
"(4, 10, 14)",80749.45520527329,80953.93240060988,"[8015, 10534, 5118, 4861]",4861,3,12,8,80761.45520527329,80961.93240060988,80753.61408835665,80956.70498933211
"(4, 7, 16)",80749.48782897252,80952.94630838942,"[8015, 5625, 11944, 2944]",2944,3,12,8,80761.48782897252,80960.94630838942,80753.64671205588,80955.71889711166
"(4, 6, 12)",80749.6130321798,80951.82939781879,"[8015, 3827, 9493, 7193]",3827,3,12,8,80761.6130321798,80959.82939781879,80753.77191526316,80954.60198654102
"(4, 9, 13)",80749.74322198852,80955.16098322326,"[8015, 8983, 5565, 5965]",5565,3,12,8,80761.74322198852,80963.16098322326,80753.90210507189,80957.9335719455
"(4, 7, 9)",80749.8019860858,80950.79623257637,"[8015, 5625, 3358, 11530]",3358,3,12,8,80761.8019860858,80958.79623257637,80753.96086916917,80953.5688212986
"(4, 5, 9)",80749.94889509321,80950.98450234203,"[8015, 1945, 7038, 11530]",1945,3,12,8,80761.94889509321,80958.98450234203,80754.10777817658,80953.75709106427
"(4, 6, 13)",80749.95354372225,80955.65551339589,"[8015, 3827, 10721, 5965]",3827,3,12,8,80761.95354372225,80963.65551339589,80754.11242680562,80958.42810211812
"(4, 10, 16)",80750.02126379727,80953.19081474541,"[8015, 10534, 7035, 2944]",2944,3,12,8,80762.02126379727,80961.19081474541,80754.18014688064,80955.96340346764
"(4, 9, 18)",80750.13234475502,80954.65321120332,"[8015, 8983, 10189, 1341]",1341,3,12,8,80762.13234475502,80962.65321120332,80754.29122783839,80957.42579992555
"(4, 8, 15)",80750.17732787704,80953.93639947315,"[8015, 7350, 9308, 3855]",3855,3,12,8,80762.17732787704,80961.93639947315,80754.3362109604,80956.70898819539
"(4, 9, 15)",80750.20672408171,80954.36212315377,"[8015, 8983, 7675, 3855]",3855,3,12,8,80762.20672408171,80962.36212315377,80754.36560716508,80957.134711876
"(1, 4, 10)",80750.24575005457,80947.79718511357,"[1967, 6048, 10534, 9979]",1967,3,12,8,80762.24575005457,80955.79718511357,80754.40463313794,80950.5697738358
"(4, 8, 11)",80750.25344282054,80951.29665830467,"[8015, 7350, 4630, 8533]",4630,3,12,8,80762.25344282054,80959.29665830467,80754.4123259039,80954.0692470269
"(4, 8, 12)",80750.4257008128,80952.21027812937,"[8015, 7350, 5970, 7193]",5970,3,12,8,80762.4257008128,80960.21027812937,80754.58458389617,80954.9828668516
"(4, 6, 9)",80750.4456794046,80951.43273881791,"[8015, 3827, 5156, 11530]",3827,3,12,8,80762.4456794046,80959.43273881791,80754.60456248796,80954.20532754014
"(4, 10, 17)",80750.52882654234,80953.61509778688,"[8015, 10534, 7870, 2109]",2109,3,12,8,80762.52882654234,80961.61509778688,80754.68770962571,80956.38768650912
"(4, 8, 18)",80750.83299771603,80954.93589078684,"[8015, 7350, 11822, 1341]",1341,3,12,8,80762.83299771603,80962.93589078684,80754.9918807994,80957.70847950908
"(4, 10, 19)",80751.06452178812,80953.52676326188,"[8015, 10534, 9339, 640]",640,3,12,8,80763.06452178812,80961.52676326188,80755.22340487149,80956.29935198411
"(1, 4, 9)",80751.09293568978,80951.43134532511,"[1967, 6048, 8983, 11530]",1967,3,12,8,80763.09293568978,80959.43134532511,80755.25181877315,80954.20393404734
"(4, 7, 17)",80751.13426696697,80954.56056566395,"[8015, 5625, 12779, 2109]",2109,3,12,8,80763.13426696697,80962.56056566395,80755.29315005033,80957.33315438619
"(2, 4, 10)",80751.18368653825,80954.71856728377,"[3972, 4043, 10534, 9979]",3972,3,12,8,80763.18368653825,80962.71856728377,80755.34256962161,80957.491156006
"(4, 9, 14)",80751.1960032076,80955.88487500841,"[8015, 8983, 6669, 4861]",4861,3,12,8,80763.1960032076,80963.88487500841,80755.35488629097,80958.65746373065
"(4, 5, 12)",80751.2804975639,80953.57376569432,"[8015, 1945, 11375, 7193]",1945,3,12,8,80763.2804975639,80961.57376569432,80755.43938064727,80956.34635441656
"(4, 8, 14)",80751.31793762396,80955.67650816783,"[8015, 7350, 8302, 4861]",4861,3,12,8,80763.31793762396,80963.67650816783,80755.47682070732,80958.44909689006
"(4, 10, 12)",80751.36469538978,80953.30489101313,"[8015, 10534, 2786, 7193]",2786,3,12,8,80763.36469538978,80961.30489101313,80755.52357847315,80956.07747973537
"(4, 8, 10)",80751.43122915993,80949.42845460866,"[8015, 7350, 3184, 9979]",3184,3,12,8,80763.43122915993,80957.42845460866,80755.5901122433,80952.20104333089
"(4, 9, 12)",80751.5420447631,80953.65497820833,"[8015, 8983, 4337, 7193]",4337,3,12,8,80763.5420447631,80961.65497820833,80755.70092784647,80956.42756693056
"(4, 9, 16)",80751.63175316076,80955.00507292,"[8015, 8983, 8586, 2944]",2944,3,12,8,80763.63175316076,80963.00507292,80755.79063624413,80957.77766164223
"(4, 9, 10)",80751.8553506302,80951.89697559865,"[8015, 8983, 1551, 9979]",1551,3,12,8,80763.8553506302,80959.89697559865,80756.01423371356,80954.66956432088
"(4, 9, 11)",80751.86219097688,80953.22703416608,"[8015, 8983, 2997, 8533]",2997,3,12,8,80763.86219097688,80961.22703416608,80756.02107406025,80955.99962288831
"(4, 10)",80754.93129232843,80953.10011339045,"[8015, 10534, 9979]",8015,2,9,6,80763.93129232843,80959.10011339045,80758.05045464095,80955.17955493213
"(4, 8, 16)",80752.00650786894,80954.97093160843,"[8015, 7350, 10219, 2944]",2944,3,12,8,80764.00650786894,80962.97093160843,80756.1653909523,80957.74352033067
"(2, 4, 9)",80752.03087217346,80958.35272749531,"[3972, 4043, 8983, 11530]",3972,3,12,8,80764.03087217346,80966.35272749531,80756.18975525683,80961.12531621754
"(4, 6, 15)",80752.24844917217,80956.56759084499,"[8015, 3827, 12831, 3855]",3827,3,12,8,80764.24844917217,80964.56759084499,80756.40733225553,80959.34017956723
"(4, 10, 11)",80752.28843141567,80953.51192686665,"[8015, 10534, 1446, 8533]",1446,3,12,8,80764.28843141567,80961.51192686665,80756.44731449903,80956.28451558888
"(4, 9, 17)",80752.54623436274,80955.88107572014,"[8015, 8983, 9421, 2109]",2109,3,12,8,80764.54623436274,80963.88107572014,80756.70511744611,80958.65366444238
"(1, 4, 7)",80752.5703747136,80950.33209020777,"[1967, 6048, 5625, 14888]",1967,3,12,8,80764.5703747136,80958.33209020777,80756.72925779696,80953.10467893
"(4, 5, 13)",80752.63253339473,80958.51554993172,"[8015, 1945, 12603, 5965]",1945,3,12,8,80764.63253339473,80966.51554993172,80756.7914164781,80961.28813865395
"(4, 9)",80755.77847796364,80956.73427360201,"[8015, 8983, 11530]",8015,2,9,6,80764.77847796364,80962.73427360201,80758.89764027616,80958.81371514368
"(4, 7, 19)",80752.84027424826,80955.64214938461,"[8015, 5625, 14248, 640]",640,3,12,8,80764.84027424826,80963.64214938461,80756.99915733162,80958.41473810685
"(1, 4, 11)",80753.03127426794,80953.80118608051,"[1967, 6048, 11980, 8533]",1967,3,12,8,80765.03127426794,80961.80118608051,80757.1901573513,80956.57377480275
"(4, 8, 17)",80753.35505699423,80956.21868509108,"[8015, 7350, 11054, 2109]",2109,3,12,8,80765.35505699423,80964.21868509108,80757.5139400776,80958.99127381331
"(4, 11, 18)",80753.37569058077,80957.93956137623,"[8015, 11980, 7192, 1341]",1341,3,12,8,80765.37569058077,80965.93956137623,80757.53457366413,80960.71215009846
"(4, 9, 19)",80753.43876405149,80956.15290813052,"[8015, 8983, 10890, 640]",640,3,12,8,80765.43876405149,80964.15290813052,80757.59764713485,80958.92549685275
"(4, 6, 14)",80753.48858108296,80958.41173271817,"[8015, 3827, 11825, 4861]",3827,3,12,8,80765.48858108296,80966.41173271817,80757.64746416632,80961.1843214404
"(2, 4, 7)",80753.50831119728,80957.25347237795,"[3972, 4043, 5625, 14888]",3972,3,12,8,80765.50831119728,80965.25347237795,80757.66719428064,80960.02606110019
"(3, 4, 10)",80753.58725358508,80953.43605446792,"[5996, 2019, 10534, 9979]",2019,3,12,8,80765.58725358508,80961.43605446792,80757.74613666844,80956.20864319016
"(4, 8, 9)",80753.62500546983,80954.49033440226,"[8015, 7350, 1633, 11530]",1633,3,12,8,80765.62500546983,80962.49033440226,80757.7838885532,80957.2629231245
"(4, 11, 13)",80753.80402974028,80959.24678808762,"[8015, 11980, 2568, 5965]",2568,3,12,8,80765.80402974028,80967.24678808762,80757.96291282364,80962.01937680985
"(2, 4, 11)",80753.96921075162,80960.72256825071,"[3972, 4043, 11980, 8533]",3972,3,12,8,80765.96921075162,80968.72256825071,80758.12809383498,80963.49515697295
"(4, 11, 15)",80754.23572888534,80958.4278599048,"[8015, 11980, 4678, 3855]",3855,3,12,8,80766.23572888534,80966.4278599048,80758.3946119687,80961.20044862703
"(1, 4, 8)",80754.23845772189,80951.44522735433,"[1967, 6048, 7350, 13163]",1967,3,12,8,80766.23845772189,80959.44522735433,80758.39734080526,80954.21781607656
"(4, 7)",80757.25591698746,80955.63501848467,"[8015, 5625, 14888]",5625,2,9,6,80766.25591698746,80961.63501848467,80760.37507929998,80957.71446002634
"(4, 5, 8)",80754.3809051557,80952.38902298186,"[8015, 1945, 5405, 13163]",1945,3,12,8,80766.3809051557,80960.38902298186,80758.53978823907,80955.1616117041
"(3, 4, 9)",80754.4344392203,80957.07021467946,"[5996, 2019, 8983, 11530]",2019,3,12,8,80766.4344392203,80965.07021467946,80758.59332230367,80959.8428034017
"(4, 11, 14)",80754.46179199415,80959.1374565267,"[8015, 11980, 3672, 4861]",3672,3,12,8,80766.46179199415,80967.1374565267,80758.62067507752,80961.91004524894
"(4, 7, 8)",80754.52055529226,80953.29989236919,"[8015, 5625, 1725, 13163]",1725,3,12,8,80766.52055529226,80961.29989236919,80758.67943837562,80956.07248109143
"(4, 8, 19)",80754.67061771007,80956.91380291889,"[8015, 7350, 12523, 640]",640,3,12,8,80766.67061771007,80964.91380291889,80758.82950079344,80959.68639164112
"(4, 11)",80757.7168165418,80959.10411435741,"[8015, 11980, 8533]",8015,2,9,6,80766.7168165418,80965.10411435741,80760.83597885432,80961.18355589909
"(4, 5, 7)",80754.84986999203,80953.27313567074,"[8015, 1945, 3680, 14888]",1945,3,12,8,80766.84986999203,80961.27313567074,80759.0087530754,80956.04572439297
"(4, 6, 18)",80754.97357116968,80959.65856771418,"[8015, 3827, 15345, 1341]",1341,3,12,8,80766.97357116968,80967.65856771418,80759.13245425305,80962.43115643642
"(4, 11, 16)",80755.11897242628,80958.55851931122,"[8015, 11980, 5589, 2944]",2944,3,12,8,80767.11897242628,80966.55851931122,80759.27785550964,80961.33110803345
"(4, 6, 16)",80755.12020844963,80958.61495467986,"[8015, 3827, 13742, 2944]",2944,3,12,8,80767.12020844963,80966.61495467986,80759.279091533,80961.38754340209
"(2, 4, 8)",80755.17639420557,80958.36660952453,"[3972, 4043, 7350, 13163]",3972,3,12,8,80767.17639420557,80966.36660952453,80759.33527728893,80961.13919824676
"(4, 6, 8)",80755.28855519375,80953.31909754623,"[8015, 3827, 3523, 13163]",3523,3,12,8,80767.28855519375,80961.31909754623,80759.44743827711,80956.09168626847
"(4, 11, 17)",80755.49019464682,80958.87082286853,"[8015, 11980, 6424, 2109]",2109,3,12,8,80767.49019464682,80966.87082286853,80759.64907773018,80961.64341159076
"(3, 4, 7)",80755.91187824411,80955.97095956214,"[5996, 2019, 5625, 14888]",2019,3,12,8,80767.91187824411,80963.97095956214,80760.07076132747,80958.74354828437
"(4, 8)",80758.92399999575,80956.74815563123,"[8015, 7350, 13163]",7350,2,9,6,80767.92399999575,80962.74815563123,80762.04316230827,80958.8275971729
"(4, 11, 19)",80755.92445459029,80958.70194164276,"[8015, 11980, 7893, 640]",640,3,12,8,80767.92445459029,80966.70194164276,80760.08333767366,80961.474530365
"(4, 5, 15)",80756.08155625864,80960.49557019009,"[8015, 1945, 14713, 3855]",1945,3,12,8,80768.08155625864,80968.49557019009,80760.240439342,80963.26815891232
"(3, 4, 11)",80756.37277779846,80959.44005543488,"[5996, 2019, 11980, 8533]",2019,3,12,8,80768.37277779846,80967.44005543488,80760.53166088182,80962.21264415712
"(4, 6, 7)",80756.42489421254,80954.7985496398,"[8015, 3827, 1798, 14888]",1798,3,12,8,80768.42489421254,80962.7985496398,80760.5837772959,80957.57113836204
"(4, 11, 12)",80756.71125983242,80958.86821007315,"[8015, 11980, 1340, 7193]",1340,3,12,8,80768.71125983242,80966.86821007315,80760.87014291578,80961.64079879539
"(3, 5, 10)",80756.75840465425,80947.30507752733,"[5996, 3964, 8589, 9979]",3964,3,12,8,80768.75840465425,80955.30507752733,80760.91728773761,80950.07766624956
"(1, 4, 12)",80757.08493126516,80958.68422947345,"[1967, 6048, 13320, 7193]",1967,3,12,8,80769.08493126516,80966.68422947345,80761.24381434852,80961.45681819569
"(4, 5, 14)",80757.17728821316,80962.2233956087,"[8015, 1945, 13707, 4861]",1945,3,12,8,80769.17728821316,80970.2233956087,80761.33617129653,80964.99598433093
"(4, 6, 17)",80757.48122091795,80960.89130626225,"[8015, 3827, 14577, 2109]",2109,3,12,8,80769.48122091795,80968.89130626225,80761.64010400132,80963.66389498448
"(3, 4, 8)",80757.5799612524,80957.08409670868,"[5996, 2019, 7350, 13163]",2019,3,12,8,80769.5799612524,80965.08409670868,80761.73884433576,80959.85668543092
"(3, 5, 11)",80757.64232905112,80951.36550332027,"[5996, 3964, 10035, 8533]",3964,3,12,8,80769.64232905112,80959.36550332027,80761.80121213448,80954.1380920425
"(2, 5, 10)",80757.82228087854,80947.68298183885,"[3972, 5988, 8589, 9979]",3972,3,12,8,80769.82228087854,80955.68298183885,80761.9811639619,80950.45557056108
"(2, 4, 12)",80758.02286774883,80965.60561164365,"[3972, 4043, 13320, 7193]",3972,3,12,8,80770.02286774883,80973.60561164365,80762.1817508322,80968.37820036589
"(4, 12, 18)",80758.33426326008,80962.95693303974,"[8015, 13320, 5852, 1341]",1341,3,12,8,80770.33426326008,80970.95693303974,80762.49314634345,80965.72952176197
"(4, 12, 13)",80758.38734134485,80964.13760569805,"[8015, 13320, 1228, 5965]",1228,3,12,8,80770.38734134485,80972.13760569805,80762.54622442821,80966.91019442028
"(3, 5, 9)",80758.60069821664,80951.89677666494,"[5996, 3964, 7038, 11530]",3964,3,12,8,80770.60069821664,80959.89677666494,80762.75958130001,80954.66936538718
"(2, 5, 11)",80758.70620527539,80951.74340763179,"[3972, 5988, 10035, 8533]",3972,3,12,8,80770.70620527539,80959.74340763179,80762.86508835875,80954.51599635402
"(4, 12)",80761.77047353901,80963.98715775035,"[8015, 13320, 7193]",7193,2,9,6,80770.77047353901,80969.98715775035,80764.88963585153,80966.06659929203
"(4, 12, 14)",80759.17286040835,80963.90517572836,"[8015, 13320, 2332, 4861]",2332,3,12,8,80771.17286040835,80971.90517572836,80763.33174349171,80966.6777644506
"(4, 12, 15)",80759.25949286862,80963.51001931446,"[8015, 13320, 3338, 3855]",3338,3,12,8,80771.25949286862,80971.51001931446,80763.41837595198,80966.2826080367
"(4, 5, 16)",80759.65099795864,80963.2763240299,"[8015, 1945, 15624, 2944]",1945,3,12,8,80771.65099795864,80971.2763240299,80763.809881042,80966.04891275213
"(2, 5, 9)",80759.66457444092,80952.27468097646,"[3972, 5988, 7038, 11530]",3972,3,12,8,80771.66457444092,80960.27468097646,80763.82345752428,80955.0472696987
"(5, 10, 18)",80759.86456087604,80945.21380804662,"[9960, 8589, 8638, 1341]",1341,3,12,8,80771.86456087604,80953.21380804662,80764.0234439594,80947.98639676886
"(3, 5, 12)",80759.93230068733,80954.48604001722,"[5996, 3964, 11375, 7193]",3964,3,12,8,80771.93230068733,80962.48604001722,80764.0911837707,80957.25862873945
"(4, 6, 19)",80759.99215476731,80962.83113085502,"[8015, 3827, 16046, 640]",640,3,12,8,80771.99215476731,80970.83113085502,80764.15103785068,80965.60371957725
"(4, 12, 16)",80760.07780318934,80963.58074870231,"[8015, 13320, 4249, 2944]",2944,3,12,8,80772.07780318934,80971.58074870231,80764.2366862727,80966.35333742455
"(1, 4, 6)",80760.09900087786,80957.84235564098,"[1967, 6048, 3827, 16686]",1967,3,12,8,80772.09900087786,80965.84235564098,80764.25788396123,80960.61494436322
"(5, 10, 13)",80760.14970981106,80946.50181948292,"[9960, 8589, 4014, 5965]",4014,3,12,8,80772.14970981106,80954.50181948292,80764.30859289442,80949.27440820515
"(1, 4, 13)",80760.26997500315,80965.55640986137,"[1967, 6048, 14548, 5965]",1967,3,12,8,80772.26997500315,80973.55640986137,80764.42885808651,80968.3289985836
"(4, 5, 18)",80760.31876066203,80965.15937473826,"[8015, 1945, 17227, 1341]",1341,3,12,8,80772.31876066203,80973.15937473826,80764.4776437454,80967.93196346049
"(4, 12, 17)",80760.35185900165,80963.81600508951,"[8015, 13320, 5084, 2109]",2109,3,12,8,80772.35185900165,80971.81600508951,80764.51074208501,80966.58859381174
"(3, 4, 12)",80760.42643479569,80964.32309882782,"[5996, 2019, 13320, 7193]",2019,3,12,8,80772.42643479569,80972.32309882782,80764.58531787906,80967.09568755006
"(5, 10, 15)",80760.57979003858,80945.57976395453,"[9960, 8589, 6124, 3855]",3855,3,12,8,80772.57979003858,80953.57976395453,80764.73867312194,80948.35235267677
"(4, 12, 19)",80760.74836835354,80963.58896160677,"[8015, 13320, 6553, 640]",640,3,12,8,80772.74836835354,80971.58896160677,80764.9072514369,80966.361550329
"(2, 5, 12)",80760.9961769116,80954.86394432874,"[3972, 5988, 11375, 7193]",3972,3,12,8,80772.9961769116,80962.86394432874,80765.15505999497,80957.63653305097
"(5, 10, 14)",80761.01002682802,80946.5503573294,"[9960, 8589, 5118, 4861]",4861,3,12,8,80773.01002682802,80954.5503573294,80765.16890991139,80949.32294605163
"(2, 4, 6)",80761.03693736154,80964.76373781118,"[3972, 4043, 3827, 16686]",3827,3,12,8,80773.03693736154,80972.76373781118,80765.1958204449,80967.53632653342
"(2, 4, 13)",80761.20791148682,80972.47779203155,"[3972, 4043, 14548, 5965]",3972,3,12,8,80773.20791148682,80980.47779203155,80765.36679457019,80975.25038075379
"(3, 5, 13)",80761.28433651818,80959.42782425461,"[5996, 3964, 12603, 5965]",3964,3,12,8,80773.28433651818,80967.42782425461,80765.44321960154,80962.20041297685
"(5, 10, 16)",80761.57608535202,80945.80877146494,"[9960, 8589, 7035, 2944]",2944,3,12,8,80773.57608535202,80953.80877146494,80765.73496843538,80948.58136018718
"(1, 5, 10)",80761.6379318584,80940.77787179966,"[1967, 7993, 8589, 9979]",1967,3,12,8,80773.6379318584,80948.77787179966,80765.79681494176,80943.55046052189
"(4, 6)",80764.78454315172,80963.14528391787,"[8015, 3827, 16686]",3827,2,9,6,80773.78454315172,80969.14528391787,80767.90370546424,80965.22472545954
"(3, 6, 11)",80761.80467389205,80953.53874804695,"[5996, 5846, 8153, 8533]",5846,3,12,8,80773.80467389205,80961.53874804695,80765.96355697542,80956.31133676918
"(3, 6, 10)",80761.83269457315,80950.43030378604,"[5996, 5846, 6707, 9979]",5846,3,12,8,80773.83269457315,80958.43030378604,80765.99157765652,80953.20289250827
"(4, 13)",80764.955517277,80970.85933813825,"[8015, 14548, 5965]",5965,2,9,6,80773.955517277,80976.85933813825,80768.07467958952,80972.93877967993
"(5, 7, 13)",80762.02615124697,80948.6212243902,"[9960, 3680, 8923, 5965]",3680,3,12,8,80774.02615124697,80956.6212243902,80766.18503433034,80951.39381311243
"(5, 10, 17)",80762.08364809709,80946.2330545064,"[9960, 8589, 7870, 2109]",2109,3,12,8,80774.08364809709,80954.2330545064,80766.24253118045,80949.00564322864
"(5, 9, 13)",80762.29315147043,80948.73647886886,"[9960, 7038, 5565, 5965]",5565,3,12,8,80774.29315147043,80956.73647886886,80766.45203455379,80951.50906759109
"(5, 7, 11)",80762.34454197879,80944.7443175149,"[9960, 3680, 6355, 8533]",3680,3,12,8,80774.34454197879,80952.7443175149,80766.50342506215,80947.51690623713
"(2, 5, 13)",80762.34821274245,80959.80572856613,"[3972, 5988, 12603, 5965]",3972,3,12,8,80774.34821274245,80967.80572856613,80766.50709582581,80962.57831728837
"(4, 13, 18)",80762.44027487832,80970.10205990539,"[8015, 14548, 4624, 1341]",1341,3,12,8,80774.44027487832,80978.10205990539,80766.59915796168,80972.87464862762
"(1, 5, 11)",80762.52185625525,80944.8382975926,"[1967, 7993, 10035, 8533]",1967,3,12,8,80774.52185625525,80952.8382975926,80766.68073933861,80947.61088631484
"(5, 10, 19)",80762.61934334287,80946.1447199814,"[9960, 8589, 9339, 640]",640,3,12,8,80774.61934334287,80954.1447199814,80766.77822642624,80948.91730870363
"(5, 9, 18)",80762.68227423693,80948.2287068489,"[9960, 7038, 10189, 1341]",1341,3,12,8,80774.68227423693,80956.2287068489,80766.84115732029,80951.00129557113
"(4, 5, 17)",80762.70394541993,80966.24632946003,"[8015, 1945, 16459, 2109]",1945,3,12,8,80774.70394541993,80974.24632946003,80766.86282850329,80969.01891818226
"(5, 9, 15)",80762.75665356361,80947.93761879935,"[9960, 7038, 7675, 3855]",3855,3,12,8,80774.75665356361,80955.93761879935,80766.91553664698,80950.71020752158
"(5, 7, 12)",80762.77307914561,80945.95574648667,"[9960, 3680, 7695, 7193]",3680,3,12,8,80774.77307914561,80953.95574648667,80766.93196222898,80948.7283352089
"(5, 10, 12)",80762.91951694453,80945.92284773265,"[9960, 8589, 2786, 7193]",2786,3,12,8,80774.91951694453,80953.92284773265,80767.0784000279,80948.69543645489
"(5, 11, 18)",80763.02891231899,80948.61394292174,"[9960, 10035, 7192, 1341]",1341,3,12,8,80775.02891231899,80956.61394292174,80767.18779540235,80951.38653164398
"(3, 5, 8)",80763.03270827913,80953.30129730476,"[5996, 3964, 5405, 13163]",3964,3,12,8,80775.03270827913,80961.30129730476,80767.1915913625,80956.07388602699
"(5, 8, 13)",80763.04047389678,80949.33241602725,"[9960, 5405, 7198, 5965]",5405,3,12,8,80775.04047389678,80957.33241602725,80767.19935698014,80952.10500474948
"(3, 7, 13)",80763.17826538638,80957.7298283171,"[5996, 7644, 8923, 5965]",5965,3,12,8,80775.17826538638,80965.7298283171,80767.33714846974,80960.50241703933
"(4, 5, 6)",80763.18221662947,80961.5967464915,"[8015, 1945, 1882, 16686]",1882,3,12,8,80775.18221662947,80969.5967464915,80767.34109971284,80964.36933521373
"(3, 6, 12)",80763.18230225451,80955.73341433376,"[5996, 5846, 9493, 7193]",5846,3,12,8,80775.18230225451,80963.73341433376,80767.34118533788,80958.506003056
"(5, 7, 15)",80763.29852255467,80948.55742197065,"[9960, 3680, 11033, 3855]",3680,3,12,8,80775.29852255467,80956.55742197065,80767.45740563804,80951.33001069288
"(5, 7, 10)",80763.39446031714,80942.69523505218,"[9960, 3680, 4909, 9979]",3680,3,12,8,80775.39446031714,80950.69523505218,80767.5533434005,80945.46782377441
"(3, 4, 6)",80763.44050440838,80963.48122499534,"[5996, 2019, 3827, 16686]",2019,3,12,8,80775.44050440838,80971.48122499534,80767.59938749175,80966.25381371757
"(5, 11, 13)",80763.45725147848,80949.92116963312,"[9960, 10035, 2568, 5965]",2568,3,12,8,80775.45725147848,80957.92116963312,80767.61613456185,80952.69375835535
"(1, 5, 9)",80763.48022542078,80945.36957093727,"[1967, 7993, 7038, 11530]",1967,3,12,8,80775.48022542078,80953.36957093727,80767.63910850414,80948.1421596595
"(5, 10)",80766.48611388316,80945.71807010999,"[9960, 8589, 9979]",8589,2,9,6,80775.48611388316,80951.71807010999,80769.60527619568,80947.79751165166
"(3, 7, 11)",80763.4966561182,80953.8529214418,"[5996, 7644, 6355, 8533]",5996,3,12,8,80775.4966561182,80961.8529214418,80767.65553920156,80956.62551016403
"(3, 5, 7)",80763.50167311545,80954.18540999363,"[5996, 3964, 3680, 14888]",3680,3,12,8,80775.50167311545,80962.18540999363,80767.66055619881,80956.95799871586
"(3, 6, 13)",80763.52281379697,80959.55952991087,"[5996, 5846, 10721, 5965]",5846,3,12,8,80775.52281379697,80967.55952991087,80767.68169688033,80962.3321186331
"(3, 4, 13)",80763.61147853368,80971.19527921572,"[5996, 2019, 14548, 5965]",2019,3,12,8,80775.61147853368,80979.19527921572,80767.77036161705,80973.96786793796
"(4, 13, 19)",80763.7190219325,80971.05481356046,"[8015, 14548, 5325, 640]",640,3,12,8,80775.7190219325,80979.05481356046,80767.87790501586,80973.8274022827
"(5, 9, 14)",80763.7459326895,80949.460370654,"[9960, 7038, 6669, 4861]",4861,3,12,8,80775.7459326895,80957.460370654,80767.90481577287,80952.23295937623
"(5, 10, 11)",80763.8432529704,80946.12988358617,"[9960, 8589, 1446, 8533]",1446,3,12,8,80775.8432529704,80954.12988358617,80768.00213605376,80948.9024723084
"(5, 11, 15)",80763.88895062356,80949.1022414503,"[9960, 10035, 4678, 3855]",3855,3,12,8,80775.88895062356,80957.1022414503,80768.04783370692,80951.87483017253
"(3, 7, 12)",80763.92519328502,80955.06435041357,"[5996, 7644, 7695, 7193]",5996,3,12,8,80775.92519328502,80963.06435041357,80768.08407636838,80957.8369391358
"(4, 13, 15)",80764.01054584223,80970.22848936888,"[8015, 14548, 2110, 3855]",2110,3,12,8,80776.01054584223,80978.22848936888,80768.1694289256,80973.00107809111
"(5, 8, 15)",80764.01374538934,80948.90253372934,"[9960, 5405, 9308, 3855]",3855,3,12,8,80776.01374538934,80956.90253372934,80768.1726284727,80951.67512245158
"(3, 6, 9)",80764.01494947933,80955.33675533289,"[5996, 5846, 5156, 11530]",5156,3,12,8,80776.01494947933,80963.33675533289,80768.1738325627,80958.10934405512
"(5, 8, 11)",80764.08986033284,80946.26279256085,"[9960, 5405, 4630, 8533]",4630,3,12,8,80776.08986033284,80954.26279256085,80768.2487434162,80949.03538128309
"(5, 9, 12)",80764.091974245,80947.23047385391,"[9960, 7038, 4337, 7193]",4337,3,12,8,80776.091974245,80955.23047385391,80768.25085732837,80950.00306257614
"(2, 5, 8)",80764.09658450342,80953.67920161628,"[3972, 5988, 5405, 13163]",3972,3,12,8,80776.09658450342,80961.67920161628,80768.25546758679,80956.45179033851
"(5, 11, 14)",80764.11501373237,80949.8118380722,"[9960, 10035, 3672, 4861]",3672,3,12,8,80776.11501373237,80957.8118380722,80768.27389681574,80952.58442679443
"(4, 13, 17)",80764.12956164702,80971.05802638638,"[8015, 14548, 3856, 2109]",2109,3,12,8,80776.12956164702,80979.05802638638,80768.28844473038,80973.83061510861
"(5, 9, 16)",80764.18168264267,80948.58056856561,"[9960, 7038, 8586, 2944]",2944,3,12,8,80776.18168264267,80956.58056856561,80768.34056572603,80951.35315728784
"(5, 8, 12)",80764.2621183251,80947.17641238555,"[9960, 5405, 5970, 7193]",5405,3,12,8,80776.2621183251,80955.17641238555,80768.42100140847,80949.94900110779
"(4, 13, 16)",80764.34486982305,80970.61188400176,"[8015, 14548, 3021, 2944]",2944,3,12,8,80776.34486982305,80978.61188400176,80768.50375290641,80973.38447272399
"(5, 11)",80767.37003828002,80949.77849590292,"[9960, 10035, 8533]",8533,2,9,6,80776.37003828002,80955.77849590292,80770.48920059254,80951.8579374446
"(5, 9, 10)",80764.4052801121,80945.47247124423,"[9960, 7038, 1551, 9979]",1551,3,12,8,80776.4052801121,80953.47247124423,80768.56416319546,80948.24505996646
"(5, 9, 11)",80764.41212045879,80946.80252981167,"[9960, 7038, 2997, 8533]",2997,3,12,8,80776.41212045879,80954.80252981167,80768.57100354215,80949.5751185339
"(3, 7, 15)",80764.45063669408,80957.66602589753,"[5996, 7644, 11033, 3855]",3855,3,12,8,80776.45063669408,80965.66602589753,80768.60951977744,80960.43861461976
"(5, 7, 14)",80764.54565444155,80950.38042026469,"[9960, 3680, 10027, 4861]",3680,3,12,8,80776.54565444155,80958.38042026469,80768.70453752491,80953.15300898692
"(3, 7, 10)",80764.54657445654,80951.80383897907,"[5996, 7644, 4909, 9979]",4909,3,12,8,80776.54657445654,80959.80383897907,80768.70545753991,80954.57642770131
"(5, 7, 18)",80764.56395790073,80950.22852605404,"[9960, 3680, 13547, 1341]",1341,3,12,8,80776.56395790073,80958.22852605404,80768.72284098409,80953.00111477627
"(2, 5, 7)",80764.56554933972,80954.56331430515,"[3972, 5988, 3680, 14888]",3680,3,12,8,80776.56554933972,80962.56331430515,80768.72443242309,80957.33590302739
"(5, 8, 18)",80764.66941522833,80949.90202504303,"[9960, 5405, 11822, 1341]",1341,3,12,8,80776.66941522833,80957.90202504303,80768.8282983117,80952.67461376527
"(3, 5, 15)",80764.73335938207,80961.407844513,"[5996, 3964, 14713, 3855]",3855,3,12,8,80776.73335938207,80969.407844513,80768.89224246543,80964.18043323523
"(5, 11, 16)",80764.77219416448,80949.2329008567,"[9960, 10035, 5589, 2944]",2944,3,12,8,80776.77219416448,80957.2329008567,80768.93107724785,80952.00548957894
"(1, 5, 12)",80764.81182789146,80947.95883428957,"[1967, 7993, 11375, 7193]",1967,3,12,8,80776.81182789146,80955.95883428957,80768.97071097483,80950.7314230118
"(4, 13, 14)",80764.82407963398,80970.75219475066,"[8015, 14548, 1104, 4861]",1104,3,12,8,80776.82407963398,80978.75219475066,80768.98296271735,80973.5247834729
"(5, 6, 11)",80765.01258964739,80947.41146101114,"[9960, 1882, 8153, 8533]",1882,3,12,8,80777.01258964739,80955.41146101114,80769.17147273076,80950.18404973338
"(5, 6, 10)",80765.04061032849,80944.30301675023,"[9960, 1882, 6707, 9979]",1882,3,12,8,80777.04061032849,80952.30301675023,80769.19949341186,80947.07560547246
"(5, 9, 17)",80765.09616384465,80949.45657136572,"[9960, 7038, 9421, 2109]",2109,3,12,8,80777.09616384465,80957.45657136572,80769.25504692801,80952.22916008795
"(5, 11, 17)",80765.14341638504,80949.54520441403,"[9960, 10035, 6424, 2109]",2109,3,12,8,80777.14341638504,80957.54520441403,80769.3022994684,80952.31779313626
"(5, 8, 14)",80765.15435513626,80950.64264242402,"[9960, 5405, 8302, 4861]",4861,3,12,8,80777.15435513626,80958.64264242402,80769.31323821962,80953.41523114625
"(5, 8, 10)",80765.26764667223,80944.39458886484,"[9960, 5405, 3184, 9979]",3184,3,12,8,80777.26764667223,80952.39458886484,80769.4265297556,80947.16717758708
"(5, 9)",80768.32840744554,80950.3097692476,"[9960, 7038, 11530]",7038,2,9,6,80777.32840744554,80956.3097692476,80771.44756975806,80952.38921078928
"(5, 7, 16)",80765.4612943294,80949.90969248104,"[9960, 3680, 11944, 2944]",2944,3,12,8,80777.4612943294,80957.90969248104,80769.62017741277,80952.68228120328
"(5, 11, 19)",80765.57767632852,80949.37632318828,"[9960, 10035, 7893, 640]",640,3,12,8,80777.57767632852,80957.37632318828,80769.73655941189,80952.14891191051
"(3, 7, 14)",80765.69776858095,80959.48902419157,"[5996, 7644, 10027, 4861]",4861,3,12,8,80777.69776858095,80967.48902419157,80769.85665166432,80962.2616129138
"(3, 7, 18)",80765.71607204013,80959.33712998091,"[5996, 7644, 13547, 1341]",1341,3,12,8,80777.71607204013,80967.33712998091,80769.8749551235,80962.10971870314
"(5, 7, 9)",80765.77545144269,80947.75961666799,"[9960, 3680, 3358, 11530]",3358,3,12,8,80777.77545144269,80955.75961666799,80769.93433452606,80950.53220539022
"(2, 5, 15)",80765.79723560634,80961.78574882452,"[3972, 5988, 14713, 3855]",3855,3,12,8,80777.79723560634,80969.78574882452,80769.9561186897,80964.55833754675
"(3, 6, 15)",80765.8177192469,80960.47160735997,"[5996, 5846, 12831, 3855]",3855,3,12,8,80777.8177192469,80968.47160735997,80769.97660233027,80963.2441960822
"(2, 6, 11)",80765.8237003063,80954.89097064683,"[3972, 7870, 8153, 8533]",3972,3,12,8,80777.8237003063,80962.89097064683,80769.98258338966,80957.66355936906
"(3, 5, 14)",80765.82909133658,80963.1356699316,"[5996, 3964, 13707, 4861]",3964,3,12,8,80777.82909133658,80971.1356699316,80769.98797441994,80965.90825865383
"(5, 8, 16)",80765.84292538124,80949.93706586462,"[9960, 5405, 10219, 2944]",2944,3,12,8,80777.84292538124,80957.93706586462,80770.0018084646,80952.70965458686
"(2, 6, 10)",80765.85172098738,80951.78252638591,"[3972, 7870, 6707, 9979]",3972,3,12,8,80777.85172098738,80959.78252638591,80770.01060407075,80954.55511510815
"(1, 4, 15)",80765.87000813751,80969.5872182304,"[1967, 6048, 16658, 3855]",1967,3,12,8,80777.87000813751,80977.5872182304,80770.02889122088,80972.35980695263
"(5, 9, 19)",80765.98869353339,80949.7284037761,"[9960, 7038, 10890, 640]",640,3,12,8,80777.98869353339,80957.7284037761,80770.14757661676,80952.50099249833
"(4, 5, 19)",80766.14748448985,80969.06711805136,"[8015, 1945, 17928, 640]",640,3,12,8,80778.14748448985,80977.06711805136,80770.30636757321,80971.8397067736
"(1, 5, 13)",80766.1638637223,80952.90061852695,"[1967, 7993, 12603, 5965]",1967,3,12,8,80778.1638637223,80960.90061852695,80770.32274680566,80955.67320724919
"(5, 12, 18)",80766.22379963729,80951.86880788926,"[9960, 11375, 5852, 1341]",1341,3,12,8,80778.22379963729,80959.86880788926,80770.38268272065,80954.64139661149
"(5, 12, 13)",80766.27687772203,80953.04948054759,"[9960, 11375, 1228, 5965]",1228,3,12,8,80778.27687772203,80961.04948054759,80770.4357608054,80955.82206926982
"(5, 11, 12)",80766.36448157064,80949.54259161867,"[9960, 10035, 1340, 7193]",1340,3,12,8,80778.36448157064,80957.54259161867,80770.523364654,80952.3151803409
"(5, 6, 12)",80766.39021800985,80949.60612729797,"[9960, 1882, 9493, 7193]",1882,3,12,8,80778.39021800985,80957.60612729797,80770.54910109322,80952.3787160202
"(1, 4, 14)",80766.50331624431,80970.95634723785,"[1967, 6048, 15652, 4861]",1967,3,12,8,80778.50331624431,80978.95634723785,80770.66219932768,80973.72893596008
"(3, 7, 16)",80766.61340846881,80959.01829640794,"[5996, 7644, 11944, 2944]",2944,3,12,8,80778.61340846881,80967.01829640794,80770.77229155217,80961.79088513018
"(5, 12)",80769.66000991623,80952.89903259987,"[9960, 11375, 7193]",7193,2,9,6,80778.66000991623,80958.89903259987,80772.77917222875,80954.97847414155
"(1, 4, 5)",80766.67321427893,80964.43647661514,"[1967, 6048, 1945, 18568]",1945,3,12,8,80778.67321427893,80972.43647661514,80770.83209736229,80967.20906533737
"(5, 6, 13)",80766.7307295523,80953.43224287507,"[9960, 1882, 10721, 5965]",1882,3,12,8,80778.7307295523,80961.43224287507,80770.88961263567,80956.20483159731
"(2, 4, 15)",80766.80794462119,80976.50860040059,"[3972, 4043, 16658, 3855]",3855,3,12,8,80778.80794462119,80984.50860040059,80770.96682770456,80979.28118912282
"(2, 5, 14)",80766.89296756085,80963.51357424312,"[3972, 5988, 13707, 4861]",3972,3,12,8,80778.89296756085,80971.51357424312,80771.05185064422,80966.28616296535
"(3, 7, 9)",80766.9275655821,80956.86822059489,"[5996, 7644, 3358, 11530]",3358,3,12,8,80778.9275655821,80964.86822059489,80771.08644866546,80959.64080931712
"(3, 6, 14)",80767.0578511577,80962.31574923315,"[5996, 5846, 11825, 4861]",4861,3,12,8,80779.0578511577,80970.31574923315,80771.21673424107,80965.08833795539
"(5, 12, 14)",80767.06239678555,80952.8170505779,"[9960, 11375, 2332, 4861]",2332,3,12,8,80779.06239678555,80960.8170505779,80771.22127986891,80955.58963930013
"(5, 7, 17)",80767.10773232387,80951.52394975559,"[9960, 3680, 12779, 2109]",2109,3,12,8,80779.10773232387,80959.52394975559,80771.26661540724,80954.29653847782
"(5, 12, 15)",80767.14902924582,80952.421894164,"[9960, 11375, 3338, 3855]",3338,3,12,8,80779.14902924582,80960.421894164,80771.30791232918,80955.19448288623
"(5, 8, 17)",80767.19147450653,80951.18481934727,"[9960, 5405, 11054, 2109]",2109,3,12,8,80779.19147450653,80959.18481934727,80771.3503575899,80953.9574080695
"(2, 6, 12)",80767.20132866877,80957.08563693365,"[3972, 7870, 9493, 7193]",3972,3,12,8,80779.20132866877,80965.08563693365,80771.36021175214,80959.85822565589
"(5, 6, 9)",80767.22286523467,80949.20946829711,"[9960, 1882, 5156, 11530]",1882,3,12,8,80779.22286523467,80957.20946829711,80771.38174831803,80951.98205701934
"(2, 4, 14)",80767.441252728,80977.87772940805,"[3972, 4043, 15652, 4861]",3972,3,12,8,80779.441252728,80985.87772940805,80771.60013581136,80980.65031813028
"(5, 8, 9)",80767.46142298213,80949.45646865845,"[9960, 5405, 1633, 11530]",1633,3,12,8,80779.46142298213,80957.45646865845,80771.6203060655,80952.22905738068
"(2, 6, 13)",80767.5418402112,80960.91175251076,"[3972, 7870, 10721, 5965]",3972,3,12,8,80779.5418402112,80968.91175251076,80771.70072329456,80963.68434123299
"(4, 15)",80770.55555041137,80974.89014650728,"[8015, 16658, 3855]",3855,2,9,6,80779.55555041137,80980.89014650728,80773.67471272389,80976.96958804896
"(2, 4, 5)",80767.6111507626,80971.35785878533,"[3972, 4043, 1945, 18568]",1945,3,12,8,80779.6111507626,80979.35785878533,80771.77003384597,80974.13044750756
"(1, 5, 8)",80767.91223548327,80946.7740915771,"[1967, 7993, 5405, 13163]",1967,3,12,8,80779.91223548327,80954.7740915771,80772.07111856663,80949.54668029933
"(5, 12, 16)",80767.96733956653,80952.49262355184,"[9960, 11375, 4249, 2944]",2944,3,12,8,80779.96733956653,80960.49262355184,80772.1262226499,80955.26521227407
"(5, 13)",80771.01204574708,80957.84081683727,"[9960, 12603, 5965]",5965,2,9,6,80780.01204574708,80963.84081683727,80774.1312080596,80959.92025837894
"(2, 6, 9)",80768.03397589357,80956.68897793279,"[3972, 7870, 5156, 11530]",3972,3,12,8,80780.03397589357,80964.68897793279,80772.19285897694,80959.46156665502
"(4, 14)",80771.18885851817,80976.25927551475,"[8015, 15652, 4861]",4861,2,9,6,80780.18885851817,80982.25927551475,80774.3080208307,80978.33871705642
"(5, 12, 17)",80768.24139537885,80952.72787993903,"[9960, 11375, 5084, 2109]",2109,3,12,8,80780.24139537885,80960.72787993903,80772.40027846221,80955.50046866127
"(3, 7, 17)",80768.25984646328,80960.63255368247,"[5996, 7644, 12779, 2109]",2109,3,12,8,80780.25984646328,80968.63255368247,80772.41872954664,80963.4051424047
"(3, 5, 16)",80768.30280108206,80964.1885983528,"[5996, 3964, 15624, 2944]",2944,3,12,8,80780.30280108206,80972.1885983528,80772.46168416542,80966.96118707504
"(4, 5)",80771.35875655279,80969.73940489203,"[8015, 1945, 18568]",1945,2,9,6,80780.35875655279,80975.73940489203,80774.4779188653,80971.8188464337
"(1, 5, 7)",80768.38120031959,80947.65820426599,"[1967, 7993, 3680, 14888]",1967,3,12,8,80780.38120031959,80955.65820426599,80772.54008340296,80950.43079298822
"(4, 14, 18)",80768.42651675318,80975.33971552138,"[8015, 15652, 3520, 1341]",1341,3,12,8,80780.42651675318,80983.33971552138,80772.58539983655,80978.11230424361
"(5, 13, 18)",80768.49680334837,80957.0835386044,"[9960, 12603, 4624, 1341]",1341,3,12,8,80780.49680334837,80965.0835386044,80772.65568643174,80959.85612732664
"(5, 8, 19)",80768.50703522237,80951.87993717508,"[9960, 5405, 12523, 640]",640,3,12,8,80780.50703522237,80959.87993717508,80772.66591830573,80954.65252589731
"(3, 6, 18)",80768.5428412444,80963.56258422916,"[5996, 5846, 15345, 1341]",1341,3,12,8,80780.5428412444,80971.56258422916,80772.70172432777,80966.3351729514
"(5, 12, 19)",80768.63790473076,80952.5008364563,"[9960, 11375, 6553, 640]",640,3,12,8,80780.63790473076,80960.5008364563,80772.79678781412,80955.27342517853
"(3, 6, 16)",80768.68947852438,80962.51897119483,"[5996, 5846, 13742, 2944]",2944,3,12,8,80780.68947852438,80970.51897119483,80772.84836160774,80965.29155991707
"(4, 15, 18)",80768.70740091726,80974.53608609946,"[8015, 16658, 2514, 1341]",1341,3,12,8,80780.70740091726,80982.53608609946,80772.86628400063,80977.30867482169
"(5, 7, 19)",80768.81373960515,80952.60553347625,"[9960, 3680, 14248, 640]",640,3,12,8,80780.81373960515,80960.60553347625,80772.97262268851,80955.37812219848
"(3, 6, 8)",80768.85782526847,80957.22311406121,"[5996, 5846, 3523, 13163]",3523,3,12,8,80780.85782526847,80965.22311406121,80773.01670835183,80959.99570278345
"(3, 5, 18)",80768.97056378546,80966.07164906114,"[5996, 3964, 17227, 1341]",1341,3,12,8,80780.97056378546,80974.07164906114,80773.12944686883,80968.84423778337
"(5, 6, 15)",80769.02563500224,80954.34432032418,"[9960, 1882, 12831, 3855]",1882,3,12,8,80781.02563500224,80962.34432032418,80773.1845180856,80957.11690904641
"(3, 8, 13)",80769.02584847808,80964.16830396578,"[5996, 9369, 7198, 5965]",5965,3,12,8,80781.02584847808,80972.16830396578,80773.18473156144,80966.94089268801
"(3, 4, 15)",80769.21151166804,80975.22608758476,"[5996, 2019, 16658, 3855]",2019,3,12,8,80781.21151166804,80983.22608758476,80773.3703947514,80977.99867630699
"(4, 14, 15)",80769.21673009642,80974.5492079161,"[8015, 15652, 1006, 3855]",1006,3,12,8,80781.21673009642,80982.5492079161,80773.37561317979,80977.32179663834
"(2, 5, 16)",80769.36667730636,80964.56650266433,"[3972, 5988, 15624, 2944]",2944,3,12,8,80781.36667730636,80972.56650266433,80773.52556038972,80967.33909138656
"(4, 15, 19)",80769.57768069438,80974.97838498473,"[8015, 16658, 3215, 640]",640,3,12,8,80781.57768069438,80982.97838498473,80773.73656377774,80977.75097370696
"(1, 5, 15)",80769.6128865862,80954.88063878534,"[1967, 7993, 14713, 3855]",1967,3,12,8,80781.6128865862,80962.88063878534,80773.77176966956,80957.65322750757
"(2, 7, 13)",80769.69684841359,80960.08982126556,"[3972, 9668, 8923, 5965]",3972,3,12,8,80781.69684841359,80968.08982126556,80773.85573149695,80962.86240998779
"(5, 8)",80772.76041750805,80951.71428988742,"[9960, 5405, 13163]",5405,2,9,6,80781.76041750805,80957.71428988742,80775.87957982057,80953.79373142909
"(5, 13, 19)",80769.77555040256,80958.03629225948,"[9960, 12603, 5325, 640]",640,3,12,8,80781.77555040256,80966.03629225948,80773.93443348592,80960.80888098171
"(2, 6, 15)",80769.83674566114,80961.82382995986,"[3972, 7870, 12831, 3855]",3855,3,12,8,80781.83674566114,80969.82382995986,80773.99562874451,80964.5964186821
"(3, 4, 14)",80769.84481977482,80976.59521659222,"[5996, 2019, 15652, 4861]",2019,3,12,8,80781.84481977482,80984.59521659222,80774.00370285819,80979.36780531445
"(4, 14, 19)",80769.96163608768,80976.43460393856,"[8015, 15652, 4221, 640]",640,3,12,8,80781.96163608768,80984.43460393856,80774.12051917105,80979.20719266079
"(4, 15, 17)",80769.96454772697,80974.99458952674,"[8015, 16658, 1746, 2109]",1746,3,12,8,80781.96454772697,80982.99458952674,80774.12343081033,80977.76717824898
"(3, 7, 19)",80769.96585374455,80961.71413740313,"[5996, 7644, 14248, 640]",640,3,12,8,80781.96585374455,80969.71413740313,80774.12473682791,80964.48672612537
"(3, 6, 7)",80769.99416428726,80958.70256615478,"[5996, 5846, 1798, 14888]",1798,3,12,8,80781.99416428726,80966.70256615478,80774.15304737062,80961.47515487701
"(3, 8, 15)",80769.99911997064,80963.73842166788,"[5996, 9369, 9308, 3855]",3855,3,12,8,80781.99911997064,80971.73842166788,80774.158003054,80966.51101039011
"(3, 4, 5)",80770.01471780945,80970.0753459695,"[5996, 2019, 1945, 18568]",1945,3,12,8,80782.01471780945,80978.0753459695,80774.17360089281,80972.84793469173
"(2, 7, 11)",80770.01523914542,80956.21291439026,"[3972, 9668, 6355, 8533]",3972,3,12,8,80782.01523914542,80964.21291439026,80774.17412222878,80958.98550311249
"(2, 5, 18)",80770.03444000974,80966.44955337266,"[3972, 5988, 17227, 1341]",1341,3,12,8,80782.03444000974,80974.44955337266,80774.1933230931,80969.22214209489
"(5, 13, 15)",80770.06707431229,80957.2099680679,"[9960, 12603, 2110, 3855]",2110,3,12,8,80782.06707431229,80965.2099680679,80774.22595739565,80959.98255679013
"(3, 8, 11)",80770.07523491414,80961.09868049939,"[5996, 9369, 4630, 8533]",4630,3,12,8,80782.07523491414,80969.09868049939,80774.2341179975,80963.87126922162
"(5, 13, 17)",80770.18609011707,80958.0395050854,"[9960, 12603, 3856, 2109]",2109,3,12,8,80782.18609011707,80966.0395050854,80774.34497320044,80960.81209380763
"(5, 7)",80773.22938234435,80952.59840257629,"[9960, 3680, 14888]",3680,2,9,6,80782.22938234435,80958.59840257629,80776.34854465687,80954.67784411796
"(4, 14, 16)",80770.23933451183,80975.70515533315,"[8015, 15652, 1917, 2944]",1917,3,12,8,80782.23933451183,80983.70515533315,80774.3982175952,80978.47774405539
"(3, 8, 12)",80770.2474929064,80962.01230032409,"[5996, 9369, 5970, 7193]",5970,3,12,8,80782.2474929064,80970.01230032409,80774.40637598977,80964.78488904632
"(5, 6, 14)",80770.26576691304,80956.18846219736,"[9960, 1882, 11825, 4861]",1882,3,12,8,80782.26576691304,80964.18846219736,80774.4246499964,80958.96105091959
"(4, 14, 17)",80770.31093781721,80976.36726005068,"[8015, 15652, 2752, 2109]",2109,3,12,8,80782.31093781721,80984.36726005068,80774.46982090057,80979.13984877292
"(5, 13, 16)",80770.40139829309,80957.59336270078,"[9960, 12603, 3021, 2944]",2944,3,12,8,80782.40139829309,80965.59336270078,80774.56028137646,80960.36595142301
"(2, 7, 12)",80770.44377631226,80957.42434336203,"[3972, 9668, 7695, 7193]",3972,3,12,8,80782.44377631226,80965.42434336203,80774.60265939562,80960.19693208426
"(4, 15, 16)",80770.47947893344,80974.93200860024,"[8015, 16658, 911, 2944]",911,3,12,8,80782.47947893344,80982.93200860024,80774.6383620168,80977.70459732247
"(5, 7, 8)",80770.49402064914,80950.26327646081,"[9960, 3680, 1725, 13163]",1725,3,12,8,80782.49402064914,80958.26327646081,80774.65290373251,80953.03586518305
"(3, 8, 18)",80770.65478980963,80964.73791298157,"[5996, 9369, 11822, 1341]",1341,3,12,8,80782.65478980963,80972.73791298157,80774.813672893,80967.5105017038
"(1, 4, 16)",80770.66781993498,80973.57593493475,"[1967, 6048, 17569, 2944]",1967,3,12,8,80782.66781993498,80981.57593493475,80774.82670301835,80976.34852365698
"(1, 5, 14)",80770.70861854072,80956.60846420394,"[1967, 7993, 13707, 4861]",1967,3,12,8,80782.70861854072,80964.60846420394,80774.86750162409,80959.38105292617
"(5, 13, 14)",80770.88060810404,80957.73367344968,"[9960, 12603, 1104, 4861]",1104,3,12,8,80782.88060810404,80965.73367344968,80775.0394911874,80960.50626217191
"(6, 10, 18)",80770.95582123451,80948.15090051171,"[11842, 6707, 8638, 1341]",1341,3,12,8,80782.95582123451,80956.15090051171,80775.11470431788,80950.92348923394
"(1, 3, 7)",80770.96765307058,80956.04724447991,"[1967, 4029, 7644, 14888]",1967,3,12,8,80782.96765307058,80964.04724447991,80775.12653615394,80958.81983320214
"(2, 7, 15)",80770.96921972132,80960.02601884601,"[3972, 9668, 11033, 3855]",3855,3,12,8,80782.96921972132,80968.02601884601,80775.12810280468,80962.79860756824
"(3, 6, 17)",80771.05049099267,80964.79532277722,"[5996, 5846, 14577, 2109]",2109,3,12,8,80783.05049099267,80972.79532277722,80775.20937407603,80967.56791149946
"(2, 7, 10)",80771.06515748377,80954.16383192754,"[3972, 9668, 4909, 9979]",3972,3,12,8,80783.06515748377,80962.16383192754,80775.22404056713,80956.93642064977
"(2, 6, 14)",80771.07687757193,80963.66797183304,"[3972, 7870, 11825, 4861]",3972,3,12,8,80783.07687757193,80971.66797183304,80775.2357606553,80966.44056055527
"(3, 8, 14)",80771.13972971756,80965.47853036255,"[5996, 9369, 8302, 4861]",4861,3,12,8,80783.13972971756,80973.47853036255,80775.29861280092,80968.25111908479
"(6, 10, 13)",80771.24097016951,80949.438911948,"[11842, 6707, 4014, 5965]",4014,3,12,8,80783.24097016951,80957.438911948,80775.39985325288,80952.21150067024
"(3, 8, 10)",80771.25302125353,80959.23047680338,"[5996, 9369, 3184, 9979]",3184,3,12,8,80783.25302125353,80967.23047680338,80775.4119043369,80962.00306552561
"(3, 5, 17)",80771.35574854334,80967.15860378293,"[5996, 3964, 16459, 2109]",2109,3,12,8,80783.35574854334,80975.15860378293,80775.5146316267,80969.93119250516
"(3, 7)",80774.38149648375,80961.70700650319,"[5996, 7644, 14888]",5996,2,9,6,80783.38149648375,80967.70700650319,80777.50065879627,80963.78644804486
"(5, 15)",80774.46106861097,80959.82083709566,"[9960, 14713, 3855]",3855,2,9,6,80783.46106861097,80965.82083709566,80777.58023092349,80961.90027863733
"(2, 4, 16)",80771.60575641866,80980.49731710495,"[3972, 4043, 17569, 2944]",2944,3,12,8,80783.60575641866,80988.49731710495,80775.76463950203,80983.26990582718
"(3, 7, 8)",80771.64613478855,80959.37188038771,"[5996, 7644, 1725, 13163]",1725,3,12,8,80783.64613478855,80967.37188038771,80775.80501787191,80962.14446910995
"(6, 10, 15)",80771.67105039705,80948.51685641962,"[11842, 6707, 6124, 3855]",3855,3,12,8,80783.67105039705,80956.51685641962,80775.82993348042,80951.28944514185
"(5, 6, 18)",80771.75075699974,80957.43529719338,"[9960, 1882, 15345, 1341]",1341,3,12,8,80783.75075699974,80965.43529719338,80775.9096400831,80960.20788591562
"(3, 8, 16)",80771.82829996254,80964.77295380316,"[5996, 9369, 10219, 2944]",2944,3,12,8,80783.82829996254,80972.77295380316,80775.9871830459,80967.54554252539
"(3, 5, 6)",80771.83401975289,80962.5090208144,"[5996, 3964, 1882, 16686]",1882,3,12,8,80783.83401975289,80970.5090208144,80775.99290283625,80965.28160953663
"(5, 6, 16)",80771.89739427972,80956.39168415903,"[9960, 1882, 13742, 2944]",1882,3,12,8,80783.89739427972,80964.39168415903,80776.05627736308,80959.16427288126
"(2, 3, 7)",80771.92551456558,80962.73102715933,"[3972, 2024, 7644, 14888]",2024,3,12,8,80783.92551456558,80970.73102715933,80776.08439764894,80965.50361588156
"(1, 6, 11)",80771.95225154643,80950.26896922149,"[1967, 9875, 8153, 8533]",1967,3,12,8,80783.95225154643,80958.26896922149,80776.1111346298,80953.04155794372
"(1, 6, 10)",80771.98027222752,80947.16052496058,"[1967, 9875, 6707, 9979]",1967,3,12,8,80783.98027222752,80955.16052496058,80776.13915531088,80949.93311368281
"(5, 6, 8)",80772.0657410238,80951.0958270254,"[9960, 1882, 3523, 13163]",1882,3,12,8,80784.0657410238,80959.0958270254,80776.22462410717,80953.86841574764
"(6, 10, 14)",80772.1012871865,80949.48744979448,"[11842, 6707, 5118, 4861]",4861,3,12,8,80784.1012871865,80957.48744979448,80776.26017026986,80952.26003851672
"(2, 7, 14)",80772.2163516082,80961.84901714003,"[3972, 9668, 10027, 4861]",3972,3,12,8,80784.2163516082,80969.84901714003,80776.37523469156,80964.62160586227
"(2, 7, 18)",80772.23465506735,80961.69712292938,"[3972, 9668, 13547, 1341]",1341,3,12,8,80784.23465506735,80969.69712292938,80776.39353815072,80964.46971165162
"(4, 16)",80775.35336220884,80978.87886321166,"[8015, 17569, 2944]",2944,2,9,6,80784.35336220884,80984.87886321166,80778.47252452136,80980.95830475334
"(2, 5, 17)",80772.41962476763,80967.53650809445,"[3972, 5988, 16459, 2109]",2109,3,12,8,80784.41962476763,80975.53650809445,80776.578507851,80970.30909681668
"(5, 14)",80775.55680056548,80961.54866251425,"[9960, 13707, 4861]",4861,2,9,6,80784.55680056548,80967.54866251425,80778.675962878,80963.62810405593
"(2, 6, 18)",80772.56186765865,80964.91480682907,"[3972, 7870, 15345, 1341]",1341,3,12,8,80784.56186765865,80972.91480682907,80776.72075074201,80967.6873955513
"(5, 15, 18)",80772.61291911686,80959.46677668783,"[9960, 14713, 2514, 1341]",1341,3,12,8,80784.61291911686,80967.46677668783,80776.77180220022,80962.23936541006
"(6, 10, 16)",80772.66734571048,80948.74586393003,"[11842, 6707, 7035, 2944]",2944,3,12,8,80784.66734571048,80956.74586393003,80776.82622879384,80951.51845265226
"(2, 6, 16)",80772.70850493861,80963.87119379471,"[3972, 7870, 13742, 2944]",2944,3,12,8,80784.70850493861,80971.87119379471,80776.86738802197,80966.64378251694
"(5, 14, 18)",80772.79445880049,80960.62910252088,"[9960, 13707, 3520, 1341]",1341,3,12,8,80784.79445880049,80968.62910252088,80776.95334188385,80963.40169124311
"(1, 4, 18)",80772.82913100444,80976.96570169425,"[1967, 6048, 19172, 1341]",1341,3,12,8,80784.82913100444,80984.96570169425,80776.98801408781,80979.73829041648
"(2, 6, 8)",80772.87685168273,80958.57533666109,"[3972, 7870, 3523, 13163]",3523,3,12,8,80784.87685168273,80966.57533666109,80777.03573476609,80961.34792538332
"(2, 5, 6)",80772.89789597716,80962.88692512592,"[3972, 5988, 1882, 16686]",1882,3,12,8,80784.89789597716,80970.88692512592,80777.05677906053,80965.65951384815
"(2, 7, 16)",80773.13199149605,80961.37828935639,"[3972, 9668, 11944, 2944]",2944,3,12,8,80785.13199149605,80969.37828935639,80777.29087457941,80964.15087807862
"(6, 10, 17)",80773.17490845555,80949.17014697149,"[11842, 6707, 7870, 2109]",2109,3,12,8,80785.17490845555,80957.17014697149,80777.33379153891,80951.94273569372
"(3, 8, 17)",80773.17684908783,80966.0207072858,"[5996, 9369, 11054, 2109]",2109,3,12,8,80785.17684908783,80974.0207072858,80777.3357321712,80968.79329600804
"(1, 5, 16)",80773.1823282862,80957.66139262516,"[1967, 7993, 15624, 2944]",1967,3,12,8,80785.1823282862,80965.66139262516,80777.34121136957,80960.43398134739
"(3, 10, 18)",80773.18601196993,80966.75885705819,"[5996, 12553, 8638, 1341]",1341,3,12,8,80785.18601196993,80974.75885705819,80777.34489505329,80969.53144578042
"(5, 6, 7)",80773.2020800426,80952.57527911899,"[9960, 1882, 1798, 14888]",1798,3,12,8,80785.2020800426,80960.57527911899,80777.36096312596,80955.34786784122
"(6, 11, 18)",80773.2082275995,80950.59905385482,"[11842, 8153, 7192, 1341]",1341,3,12,8,80785.2082275995,80958.59905385482,80777.36711068287,80953.37164257705
"(4, 16, 18)",80773.32452353448,80978.42625523964,"[8015, 17569, 1603, 1341]",1341,3,12,8,80785.32452353448,80986.42625523964,80777.48340661784,80981.19884396187
"(1, 6, 12)",80773.32987990891,80952.46363550832,"[1967, 9875, 9493, 7193]",1967,3,12,8,80785.32987990891,80960.46363550832,80777.48876299227,80955.23622423055
"(2, 7, 9)",80773.44614860934,80959.22821354335,"[3972, 9668, 3358, 11530]",3358,3,12,8,80785.44614860934,80967.22821354335,80777.6050316927,80962.00080226558
"(3, 8, 9)",80773.44679756343,80964.29235659698,"[5996, 9369, 1633, 11530]",1633,3,12,8,80785.44679756343,80972.29235659698,80777.6056806468,80967.06494531922
"(3, 10, 13)",80773.47116090491,80968.0468684945,"[5996, 12553, 4014, 5965]",4014,3,12,8,80785.47116090491,80976.0468684945,80777.63004398828,80970.81945721673
"(5, 15, 19)",80773.48319889397,80959.9090755731,"[9960, 14713, 3215, 640]",640,3,12,8,80785.48319889397,80967.9090755731,80777.64208197733,80962.68166429533
"(3, 6, 19)",80773.56142484203,80966.73514737,"[5996, 5846, 16046, 640]",640,3,12,8,80785.56142484203,80974.73514737,80777.7203079254,80969.50773609223
"(5, 14, 15)",80773.58467214373,80959.8385949156,"[9960, 13707, 1006, 3855]",1006,3,12,8,80785.58467214373,80967.8385949156,80777.74355522709,80962.61118363784
"(6, 11, 13)",80773.636566759,80951.9062805662,"[11842, 8153, 2568, 5965]",2568,3,12,8,80785.636566759,80959.9062805662,80777.79544984236,80954.67886928843
"(1, 6, 13)",80773.67039145133,80956.28975108542,"[1967, 9875, 10721, 5965]",1967,3,12,8,80785.67039145133,80964.28975108542,80777.8292745347,80959.06233980766
"(6, 10, 19)",80773.71060370133,80949.08181244649,"[11842, 6707, 9339, 640]",640,3,12,8,80785.71060370133,80957.08181244649,80777.8694867847,80951.85440116872
"(6, 9, 13)",80773.7243731727,80951.98832374321,"[11842, 5156, 5565, 5965]",5156,3,12,8,80785.7243731727,80959.98832374321,80777.88325625607,80954.76091246544
"(2, 4, 18)",80773.76706748811,80983.88708386445,"[3972, 4043, 19172, 1341]",1341,3,12,8,80785.76706748811,80991.88708386445,80777.92595057147,80986.65967258668
"(1, 5, 18)",80773.8500909896,80959.54444333349,"[1967, 7993, 17227, 1341]",1341,3,12,8,80785.8500909896,80967.54444333349,80778.00897407296,80962.31703205573
"(5, 15, 17)",80773.87006592655,80959.92528011512,"[9960, 14713, 1746, 2109]",1746,3,12,8,80785.87006592655,80967.92528011512,80778.02894900991,80962.69786883735
"(3, 10, 15)",80773.90124113245,80967.12481296611,"[5996, 12553, 6124, 3855]",3855,3,12,8,80785.90124113245,80975.12481296611,80778.06012421582,80969.89740168834
"(3, 4, 16)",80774.00932346549,80979.21480428913,"[5996, 2019, 17569, 2944]",2019,3,12,8,80786.00932346549,80987.21480428913,80778.16820654886,80981.98739301137
"(6, 10, 12)",80774.01077730299,80948.85994019774,"[11842, 6707, 2786, 7193]",2786,3,12,8,80786.01077730299,80956.85994019774,80778.16966038635,80951.63252891997
"(2, 6, 7)",80774.01319070149,80960.05478875467,"[3972, 7870, 1798, 14888]",1798,3,12,8,80786.01319070149,80968.05478875467,80778.17207378485,80962.8273774769
"(6, 11, 15)",80774.06826590408,80951.08735238337,"[11842, 8153, 4678, 3855]",3855,3,12,8,80786.06826590408,80959.08735238337,80778.22714898744,80953.8599411056
"(6, 9, 18)",80774.11349593918,80951.48055172325,"[11842, 5156, 10189, 1341]",1341,3,12,8,80786.11349593918,80959.48055172325,80778.27237902254,80954.25314044548
"(1, 6, 9)",80774.16252713371,80952.06697650746,"[1967, 9875, 5156, 11530]",1967,3,12,8,80786.16252713371,80960.06697650746,80778.32141021708,80954.83956522969
"(6, 9, 15)",80774.18787526588,80951.1894636737,"[11842, 5156, 7675, 3855]",3855,3,12,8,80786.18787526588,80959.1894636737,80778.34675834925,80953.96205239593
"(5, 6, 17)",80774.258406748,80958.66803574143,"[9960, 1882, 14577, 2109]",1882,3,12,8,80786.258406748,80966.66803574143,80778.41728983137,80961.44062446366
"(6, 11, 14)",80774.29432901289,80951.79694900528,"[11842, 8153, 3672, 4861]",3672,3,12,8,80786.29432901289,80959.79694900528,80778.45321209625,80954.56953772751
"(5, 14, 19)",80774.32957813499,80961.72399093806,"[9960, 13707, 4221, 640]",640,3,12,8,80786.32957813499,80969.72399093806,80778.48846121835,80964.49657966029
"(3, 10, 14)",80774.33147792189,80968.09540634097,"[5996, 12553, 5118, 4861]",4861,3,12,8,80786.33147792189,80976.09540634097,80778.49036100526,80970.8679950632
"(5, 15, 16)",80774.38499713302,80959.86269918861,"[9960, 14713, 911, 2944]",911,3,12,8,80786.38499713302,80967.86269918861,80778.54388021638,80962.63528791085
"(4, 16, 19)",80774.4092579872,80978.9412271355,"[8015, 17569, 2304, 640]",640,3,12,8,80786.4092579872,80986.9412271355,80778.56814107056,80981.71381585773
"(3, 9, 13)",80774.43041906171,80966.61581030287,"[5996, 11002, 5565, 5965]",5565,3,12,8,80786.43041906171,80974.61581030287,80778.58930214508,80969.3883990251
"(3, 8, 19)",80774.49240980367,80966.71582511361,"[5996, 9369, 12523, 640]",640,3,12,8,80786.49240980367,80974.71582511361,80778.65129288704,80969.48841383585
"(4, 18)",80777.51467327829,80982.26862997116,"[8015, 19172, 1341]",1341,2,9,6,80786.51467327829,80988.26862997116,80780.63383559081,80984.34807151284
"(6, 7, 13)",80774.53561285837,80952.95024675774,"[11842, 1798, 8923, 5965]",1798,3,12,8,80786.53561285837,80960.95024675774,80778.69449594173,80955.72283547997
"(6, 11)",80777.54935356053,80951.76360683599,"[11842, 8153, 8533]",8153,2,9,6,80786.54935356053,80957.76360683599,80780.66851587305,80953.84304837766
"(6, 10)",80777.57737424163,80948.65516257507,"[11842, 6707, 9979]",6707,2,9,6,80786.57737424163,80954.65516257507,80780.69653655415,80950.73460411675
"(5, 14, 16)",80774.60727655914,80960.99454233266,"[9960, 13707, 1917, 2944]",1917,3,12,8,80786.60727655914,80968.99454233266,80778.7661596425,80963.76713105489
"(5, 14, 17)",80774.67887986451,80961.65664705019,"[9960, 13707, 2752, 2109]",2109,3,12,8,80786.67887986451,80969.65664705019,80778.83776294788,80964.42923577242
"(4, 16, 17)",80774.7648301953,80978.91902280488,"[8015, 17569, 835, 2109]",835,3,12,8,80786.7648301953,80986.91902280488,80778.92371327867,80981.69161152712
"(2, 7, 17)",80774.7784294905,80962.99254663095,"[3972, 9668, 12779, 2109]",2109,3,12,8,80786.7784294905,80970.99254663095,80778.93731257386,80965.76513535318
"(3, 5, 19)",80774.79928761328,80969.97939237425,"[5996, 3964, 17928, 640]",640,3,12,8,80786.79928761328,80977.97939237425,80778.95817069664,80972.75198109649
"(3, 9, 18)",80774.81954182821,80966.10803828292,"[5996, 11002, 10189, 1341]",1341,3,12,8,80786.81954182821,80974.10803828292,80778.97842491158,80968.88062700516
"(6, 7, 11)",80774.85400359018,80949.07333988242,"[11842, 1798, 6355, 8533]",1798,3,12,8,80786.85400359018,80957.07333988242,80779.01288667355,80951.84592860466
"(6, 8, 13)",80774.88256132568,80953.06609899008,"[11842, 3523, 7198, 5965]",3523,3,12,8,80786.88256132568,80961.06609899008,80779.04144440904,80955.83868771231
"(1, 4, 17)",80774.89137475764,80977.69813972086,"[1967, 6048, 18404, 2109]",1967,3,12,8,80786.89137475764,80985.69813972086,80779.05025784101,80980.47072844309
"(3, 9, 15)",80774.8939211549,80965.81695023336,"[5996, 11002, 7675, 3855]",3855,3,12,8,80786.8939211549,80973.81695023336,80779.05280423826,80968.5895389556
"(3, 10, 16)",80774.8975364459,80967.3538204765,"[5996, 12553, 7035, 2944]",2944,3,12,8,80786.8975364459,80975.3538204765,80779.05641952927,80970.12640919874
"(6, 10, 11)",80774.93451332887,80949.06697605125,"[11842, 6707, 1446, 8533]",1446,3,12,8,80786.93451332887,80957.06697605125,80779.09339641224,80951.83956477349
"(1, 3, 6)",80774.93996981328,80961.38953840957,"[1967, 4029, 5846, 16686]",1967,3,12,8,80786.93996981328,80969.38953840957,80779.09885289664,80964.1621271318
"(6, 11, 16)",80774.951509445,80951.21801178978,"[11842, 8153, 5589, 2944]",2944,3,12,8,80786.951509445,80959.21801178978,80779.11039252837,80953.99060051201
"(5, 16)",80778.03051031099,80962.60159093546,"[9960, 15624, 2944]",2944,2,9,6,80787.03051031099,80968.60159093546,80781.1496726235,80964.68103247714
"(2, 6, 17)",80775.06951740691,80966.14754537711,"[3972, 7870, 14577, 2109]",2109,3,12,8,80787.06951740691,80974.14754537711,80779.22840049028,80968.92013409935
"(6, 9, 14)",80775.17715439177,80952.71221552834,"[11842, 5156, 6669, 4861]",4861,3,12,8,80787.17715439177,80960.71221552834,80779.33603747514,80955.48480425058
"(6, 7, 12)",80775.28254075703,80950.28476885421,"[11842, 1798, 7695, 7193]",1798,3,12,8,80787.28254075703,80958.28476885421,80779.4414238404,80953.05735757644
"(6, 11, 17)",80775.32273166555,80951.53031534709,"[11842, 8153, 6424, 2109]",2109,3,12,8,80787.32273166555,80959.53031534709,80779.48161474892,80954.30290406932
"(1, 3, 8)",80775.33194867618,80960.89041580267,"[1967, 4029, 9369, 13163]",1967,3,12,8,80787.33194867618,80968.89041580267,80779.49083175954,80963.6630045249
"(3, 6)",80778.35381322645,80967.04930043285,"[5996, 5846, 16686]",5846,2,9,6,80787.35381322645,80973.04930043285,80781.47297553897,80969.12874197452
"(3, 10, 17)",80775.40509919096,80967.77810351798,"[5996, 12553, 7870, 2109]",2109,3,12,8,80787.40509919096,80975.77810351798,80779.56398227433,80970.55069224021
"(6, 12, 18)",80775.49077164406,80952.9280484122,"[11842, 9493, 5852, 1341]",1341,3,12,8,80787.49077164406,80960.9280484122,80779.64965472743,80955.70063713443
"(6, 9, 12)",80775.52319594729,80950.48231872826,"[11842, 5156, 4337, 7193]",4337,3,12,8,80787.52319594729,80958.48231872826,80779.68207903065,80953.2549074505
"(6, 12, 13)",80775.54384972883,80954.10872107052,"[11842, 9493, 1228, 5965]",1228,3,12,8,80787.54384972883,80962.10872107052,80779.70273281219,80956.88130979275
"(6, 9, 16)",80775.61290434495,80951.83241343996,"[11842, 5156, 8586, 2944]",2944,3,12,8,80787.61290434495,80959.83241343996,80779.77178742831,80954.60500216219
"(5, 18)",80778.69827301436,80964.4846416438,"[9960, 17227, 1341]",1341,2,9,6,80787.69827301436,80970.4846416438,80781.81743532688,80966.56408318547
"(3, 8)",80778.74579208935,80966.55017782595,"[5996, 9369, 13163]",5996,2,9,6,80787.74579208935,80972.55017782595,80781.86495440187,80968.62961936762
"(6, 11, 19)",80775.75699160904,80951.36143412135,"[11842, 8153, 7893, 640]",640,3,12,8,80787.75699160904,80959.36143412135,80779.91587469241,80954.13402284359
"(6, 7, 15)",80775.80798416608,80952.88644433818,"[11842, 1798, 11033, 3855]",1798,3,12,8,80787.80798416608,80960.88644433818,80779.96686724944,80955.65903306041
"(2, 4, 17)",80775.82931124132,80984.61952189104,"[3972, 4043, 18404, 2109]",2109,3,12,8,80787.82931124132,80992.61952189104,80779.98819432469,80987.39211061328
"(6, 9, 10)",80775.83650181437,80948.72431611858,"[11842, 5156, 1551, 9979]",1551,3,12,8,80787.83650181437,80956.72431611858,80779.99538489773,80951.49690484081
"(6, 9, 11)",80775.84334216105,80950.05437468602,"[11842, 5156, 2997, 8533]",2997,3,12,8,80787.84334216105,80958.05437468602,80780.00222524442,80952.82696340825
"(6, 8, 15)",80775.85583281826,80952.63621669218,"[11842, 3523, 9308, 3855]",3523,3,12,8,80787.85583281826,80960.63621669218,80780.01471590162,80955.40880541441
"(2, 5, 19)",80775.86316383755,80970.35729668578,"[3972, 5988, 17928, 640]",640,3,12,8,80787.86316383755,80978.35729668578,80780.02204692092,80973.12988540801
"(3, 9, 14)",80775.8832002808,80967.33970208801,"[5996, 11002, 6669, 4861]",4861,3,12,8,80787.8832002808,80975.33970208801,80780.04208336417,80970.11229081024
"(2, 3, 6)",80775.89783130828,80968.07332108899,"[3972, 2024, 5846, 16686]",2024,3,12,8,80787.89783130828,80976.07332108899,80780.05671439164,80970.84590981122
"(6, 7, 10)",80775.90392192855,80947.02425741972,"[11842, 1798, 4909, 9979]",1798,3,12,8,80787.90392192855,80955.02425741972,80780.06280501191,80949.79684614195
"(6, 12)",80778.926981923,80953.95827312281,"[11842, 9493, 7193]",7193,2,9,6,80787.926981923,80959.95827312281,80782.04614423552,80956.03771466449
"(6, 8, 11)",80775.93194776177,80949.99647552369,"[11842, 3523, 4630, 8533]",3523,3,12,8,80787.93194776177,80957.99647552369,80780.09083084513,80952.76906424592
"(3, 10, 19)",80775.94079443674,80967.68976899298,"[5996, 12553, 9339, 640]",640,3,12,8,80787.94079443674,80975.68976899298,80780.0996775201,80970.46235771521
"(1, 6, 15)",80775.96529690128,80957.20182853453,"[1967, 9875, 12831, 3855]",1967,3,12,8,80787.96529690128,80965.20182853453,80780.12417998465,80959.97441725676
"(5, 16, 18)",80776.00167163662,80962.14898296344,"[9960, 15624, 1603, 1341]",1341,3,12,8,80788.00167163662,80970.14898296344,80780.16055471999,80964.92157168567
"(6, 8, 12)",80776.10420575402,80950.91009534839,"[11842, 3523, 5970, 7193]",3523,3,12,8,80788.10420575402,80958.91009534839,80780.26308883738,80953.68268407062
"(3, 4, 18)",80776.17063453497,80982.6045710486,"[5996, 2019, 19172, 1341]",1341,3,12,8,80788.17063453497,80990.6045710486,80780.32951761833,80985.37715977084
"(3, 9, 12)",80776.2292418363,80965.10980528792,"[5996, 11002, 4337, 7193]",4337,3,12,8,80788.2292418363,80973.10980528792,80780.38812491967,80967.88239401016
"(1, 5, 17)",80776.23527574749,80960.63139805527,"[1967, 7993, 16459, 2109]",1967,3,12,8,80788.23527574749,80968.63139805527,80780.39415883085,80963.4039867775
"(3, 10, 12)",80776.2409680384,80967.46789674423,"[5996, 12553, 2786, 7193]",2786,3,12,8,80788.2409680384,80975.46789674423,80780.39985112177,80970.24048546646
"(6, 13)",80779.26749346545,80957.78438869992,"[11842, 10721, 5965]",5965,2,9,6,80788.26749346545,80963.78438869992,80782.38665577797,80959.8638302416
"(2, 3, 8)",80776.28981017116,80967.57419848209,"[3972, 2024, 9369, 13163]",2024,3,12,8,80788.28981017116,80975.57419848209,80780.44869325453,80970.34678720433
"(3, 9, 16)",80776.31895023395,80966.45989999961,"[5996, 11002, 8586, 2944]",2944,3,12,8,80788.31895023395,80974.45989999961,80780.47783331732,80969.23248872184
"(6, 12, 14)",80776.32936879233,80953.87629110082,"[11842, 9493, 2332, 4861]",2332,3,12,8,80788.32936879233,80961.87629110082,80780.4882518757,80956.64887982306
"(1, 3, 10)",80776.39372156386,80961.60335709827,"[1967, 4029, 12553, 9979]",1967,3,12,8,80788.39372156386,80969.60335709827,80780.55260464722,80964.3759458205
"(6, 12, 15)",80776.4160012526,80953.48113468692,"[11842, 9493, 3338, 3855]",3338,3,12,8,80788.4160012526,80961.48113468692,80780.57488433596,80956.25372340916
"(2, 7, 19)",80776.48443677179,80964.0741303516,"[3972, 9668, 14248, 640]",640,3,12,8,80788.48443677179,80972.0741303516,80780.64331985515,80966.84671907383
"(6, 8, 18)",80776.51150265726,80953.63570800587,"[11842, 3523, 11822, 1341]",1341,3,12,8,80788.51150265726,80961.63570800587,80780.67038574062,80956.4082967281
"(6, 9, 17)",80776.52738554691,80952.70841624007,"[11842, 5156, 9421, 2109]",2109,3,12,8,80788.52738554691,80960.70841624007,80780.68626863028,80955.4810049623
"(3, 9, 10)",80776.5425477034,80963.35180267824,"[5996, 11002, 1551, 9979]",1551,3,12,8,80788.5425477034,80971.35180267824,80780.70143078676,80966.12439140047
"(6, 11, 12)",80776.54379685115,80951.52770255173,"[11842, 8153, 1340, 7193]",1340,3,12,8,80788.54379685115,80959.52770255173,80780.70267993452,80954.30029127396
"(3, 9, 11)",80776.54938805007,80964.68186124568,"[5996, 11002, 2997, 8533]",2997,3,12,8,80788.54938805007,80972.68186124568,80780.70827113344,80967.45444996792
"(4, 17)",80779.5769170315,80983.00106799776,"[8015, 18404, 2109]",2109,2,9,6,80788.5769170315,80989.00106799776,80782.69607934402,80985.08050953943
"(1, 3, 5)",80776.59671626303,80964.99191719166,"[1967, 4029, 3964, 18568]",1967,3,12,8,80788.59671626303,80972.99191719166,80780.75559934639,80967.76450591389
"(1, 5, 6)",80776.71354695703,80955.98181508674,"[1967, 7993, 1882, 16686]",1882,3,12,8,80788.71354695703,80963.98181508674,80780.8724300404,80958.75440380897
"(6, 13, 18)",80776.75225106675,80957.02711046705,"[11842, 10721, 4624, 1341]",1341,3,12,8,80788.75225106675,80965.02711046705,80780.91113415011,80959.79969918929
"(6, 9)",80779.75962914781,80953.56161412195,"[11842, 5156, 11530]",5156,2,9,6,80788.75962914781,80959.56161412195,80782.87879146033,80955.64105566363
"(5, 6, 19)",80776.76934059737,80960.60786033419,"[9960, 1882, 16046, 640]",640,3,12,8,80788.76934059737,80968.60786033419,80780.92822368073,80963.38044905642
"(3, 10)",80779.80756497703,80967.26311912155,"[5996, 12553, 9979]",5996,2,9,6,80788.80756497703,80973.26311912155,80782.92672728955,80969.34256066322
"(1, 2, 7)",80776.91023190848,80957.97003616579,"[1967, 2005, 9668, 14888]",1967,3,12,8,80788.91023190848,80965.97003616579,80781.06911499184,80960.74262488802
"(6, 8, 14)",80776.99644256517,80954.37632538685,"[11842, 3523, 8302, 4861]",3523,3,12,8,80788.99644256517,80962.37632538685,80781.15532564853,80957.14891410909
"(3, 5)",80780.01055967622,80970.65167921493,"[5996, 3964, 18568]",3964,2,9,6,80789.01055967622,80976.65167921493,80783.12972198873,80972.73112075661
"(4, 18, 19)",80777.02284475442,80981.89011232727,"[8015, 19172, 701, 640]",640,3,12,8,80789.02284475442,80989.89011232727,80781.18172783779,80984.6627010495
"(4, 17, 18)",80777.02563503342,80981.70186214129,"[8015, 18404, 768, 1341]",768,3,12,8,80789.02563503342,80989.70186214129,80781.18451811679,80984.47445086352
"(1, 3, 9)",80777.05183162366,80962.52933865832,"[1967, 4029, 11002, 11530]",1967,3,12,8,80789.05183162366,80970.52933865832,80781.21071470702,80965.30192738055
"(6, 7, 14)",80777.05511605296,80954.7094426322,"[11842, 1798, 10027, 4861]",1798,3,12,8,80789.05511605296,80962.7094426322,80781.21399913632,80957.48203135443
"(6, 7, 18)",80777.07341951213,80954.55754842155,"[11842, 1798, 13547, 1341]",1341,3,12,8,80789.07341951213,80962.55754842155,80781.2323025955,80957.33013714378
"(1, 2, 5)",80777.08458829798,80964.93262024058,"[1967, 2005, 5988, 18568]",1967,3,12,8,80789.08458829798,80972.93262024058,80781.24347138134,80967.70520896281
"(5, 16, 19)",80777.08640608934,80962.66395485931,"[9960, 15624, 2304, 640]",640,3,12,8,80789.08640608934,80970.66395485931,80781.2452891727,80965.43654358154
"(6, 8, 10)",80777.10973410116,80948.12827182768,"[11842, 3523, 3184, 9979]",3184,3,12,8,80789.10973410116,80956.12827182768,80781.26861718453,80950.90086054991
"(3, 10, 11)",80777.16470406429,80967.67493259774,"[5996, 12553, 1446, 8533]",1446,3,12,8,80789.16470406429,80975.67493259774,80781.32358714765,80970.44752131998
"(1, 6, 14)",80777.20542881207,80959.04597040771,"[1967, 9875, 11825, 4861]",1967,3,12,8,80789.20542881207,80967.04597040771,80781.36431189544,80961.81855912994
"(3, 9, 17)",80777.23343143595,80967.33590279974,"[5996, 11002, 9421, 2109]",2109,3,12,8,80789.23343143595,80975.33590279974,80781.39231451931,80970.10849152197
"(6, 12, 16)",80777.23431157332,80953.55186407478,"[11842, 9493, 4249, 2944]",2944,3,12,8,80789.23431157332,80961.55186407478,80781.39319465669,80956.32445279701
"(2, 3, 10)",80777.35158305886,80968.2871397777,"[3972, 2024, 12553, 9979]",2024,3,12,8,80789.35158305886,80976.2871397777,80781.51046614222,80971.05972849994
"(6, 9, 19)",80777.41991523566,80952.98024865045,"[11842, 5156, 10890, 640]",640,3,12,8,80789.41991523566,80960.98024865045,80781.57879831902,80955.75283737268
"(5, 16, 17)",80777.44197829744,80962.6417505287,"[9960, 15624, 835, 2109]",835,3,12,8,80789.44197829744,80970.6417505287,80781.60086138081,80965.41433925093
"(3, 9)",80780.46567503683,80968.1891006816,"[5996, 11002, 11530]",5996,2,9,6,80789.46567503683,80974.1891006816,80783.58483734935,80970.26854222328
"(6, 12, 17)",80777.50836738563,80953.78712046196,"[11842, 9493, 5084, 2109]",2109,3,12,8,80789.50836738563,80961.78712046196,80781.66725046899,80956.55970918419
"(2, 3, 5)",80777.55457775801,80971.67569987106,"[3972, 2024, 3964, 18568]",2024,3,12,8,80789.55457775801,80979.67569987106,80781.71346084138,80974.4482885933
"(2, 6, 19)",80777.58045125628,80968.08736996987,"[3972, 7870, 16046, 640]",640,3,12,8,80789.58045125628,80976.08736996987,80781.73933433964,80970.8599586921
"(6, 8, 16)",80777.68501281014,80953.67074882746,"[11842, 3523, 10219, 2944]",2944,3,12,8,80789.68501281014,80961.67074882746,80781.8438958935,80956.44333754969
"(2, 8, 13)",80777.8401414199,80968.29063521203,"[3972, 11393, 7198, 5965]",3972,3,12,8,80789.8401414199,80976.29063521203,80781.99902450327,80971.06322393427
"(2, 7)",80780.90007951099,80964.06699945165,"[3972, 9668, 14888]",3972,2,9,6,80789.90007951099,80970.06699945165,80784.01924182351,80966.14644099333
"(6, 12, 19)",80777.90487673752,80953.56007697922,"[11842, 9493, 6553, 640]",640,3,12,8,80789.90487673752,80961.56007697922,80782.06375982089,80956.33266570145
"(6, 7, 16)",80777.9707559408,80954.23871484856,"[11842, 1798, 11944, 2944]",1798,3,12,8,80789.9707559408,80962.23871484856,80782.12963902416,80957.01130357079
"(2, 3, 9)",80778.00969311866,80969.21312133774,"[3972, 2024, 11002, 11530]",2024,3,12,8,80790.00969311866,80977.21312133774,80782.16857620202,80971.98571005998
"(7, 10, 18)",80778.02026175708,80951.76618971609,"[13640, 4909, 8638, 1341]",1341,3,12,8,80790.02026175708,80959.76618971609,80782.17914484044,80954.53877843832
"(6, 13, 19)",80778.03099812093,80957.97986412213,"[11842, 10721, 5325, 640]",640,3,12,8,80790.03099812093,80965.97986412213,80782.1898812043,80960.75245284436
"(2, 5)",80781.07443590049,80971.02958352646,"[3972, 5988, 18568]",3972,2,9,6,80790.07443590049,80977.02958352646,80784.19359821301,80973.10902506813
"(5, 17)",80781.08345777226,80965.57159636558,"[9960, 16459, 2109]",2109,2,9,6,80790.08345777226,80971.57159636558,80784.20262008478,80967.65103790726
"(3, 9, 19)",80778.12596112468,80967.60773521011,"[5996, 11002, 10890, 640]",640,3,12,8,80790.12596112468,80975.60773521011,80782.28484420804,80970.38032393235
"(2, 7, 8)",80778.16471781579,80961.73187333618,"[3972, 9668, 1725, 13163]",1725,3,12,8,80790.16471781579,80969.73187333618,80782.32360089915,80964.50446205841
"(5, 18, 19)",80778.2064444905,80964.10612399991,"[9960, 17227, 701, 640]",640,3,12,8,80790.2064444905,80972.10612399991,80782.36532757386,80966.87871272214
"(3, 4, 17)",80778.23287828817,80983.33700907521,"[5996, 2019, 18404, 2109]",2019,3,12,8,80790.23287828817,80991.33700907521,80782.39176137153,80986.10959779745
"(6, 7, 9)",80778.2849130541,80952.08863903553,"[11842, 1798, 3358, 11530]",1798,3,12,8,80790.2849130541,80960.08863903553,80782.44379613746,80954.86122775776
"(7, 10, 13)",80778.30541069209,80953.05420115236,"[13640, 4909, 4014, 5965]",4014,3,12,8,80790.30541069209,80961.05420115236,80782.46429377545,80955.8267898746
"(6, 13, 15)",80778.32252203066,80957.15353993054,"[11842, 10721, 2110, 3855]",2110,3,12,8,80790.32252203066,80965.15353993054,80782.48140511403,80959.92612865278
"(1, 2, 6)",80778.38299203818,80962.30455974687,"[1967, 2005, 7870, 16686]",1967,3,12,8,80790.38299203818,80970.30455974687,80782.54187512155,80965.0771484691
"(6, 13, 17)",80778.44153783545,80957.98307694805,"[11842, 10721, 3856, 2109]",2109,3,12,8,80790.44153783545,80965.98307694805,80782.60042091881,80960.75566567028
"(1, 7, 13)",80778.44926859633,80957.33666632572,"[1967, 11673, 8923, 5965]",1967,3,12,8,80790.44926859633,80965.33666632572,80782.6081516797,80960.10925504795
"(5, 17, 18)",80778.53217577418,80964.27239050911,"[9960, 16459, 768, 1341]",768,3,12,8,80790.53217577418,80972.27239050911,80782.69105885754,80967.04497923134
"(5, 6)",80781.56172898179,80960.92201339705,"[9960, 1882, 16686]",1882,2,9,6,80790.56172898179,80966.92201339705,80784.68089129431,80963.00145493873
"(6, 15)",80781.56239891538,80958.69646614902,"[11842, 12831, 3855]",3855,2,9,6,80790.56239891538,80964.69646614902,80784.6815612279,80960.7759076907
"(6, 13, 16)",80778.65684601146,80957.53693456342,"[11842, 10721, 3021, 2944]",2944,3,12,8,80790.65684601146,80965.53693456342,80782.81572909483,80960.30952328566
"(1, 6, 18)",80778.69041889878,80960.29280540373,"[1967, 9875, 15345, 1341]",1341,3,12,8,80790.69041889878,80968.29280540373,80782.84930198215,80963.06539412597
"(7, 10, 15)",80778.73549091961,80952.132145624,"[13640, 4909, 6124, 3855]",3855,3,12,8,80790.73549091961,80960.132145624,80782.89437400298,80954.90473434623
"(1, 7, 11)",80778.76765932815,80953.45975945042,"[1967, 11673, 6355, 8533]",1967,3,12,8,80790.76765932815,80961.45975945042,80782.92654241151,80956.23234817265
"(2, 8, 15)",80778.81341291247,80967.86075291413,"[3972, 11393, 9308, 3855]",3855,3,12,8,80790.81341291247,80975.86075291413,80782.97229599583,80970.63334163636
"(1, 6, 16)",80778.83705617875,80959.24919236937,"[1967, 9875, 13742, 2944]",1967,3,12,8,80790.83705617875,80967.24919236937,80782.99593926211,80962.02178109161
"(2, 8, 11)",80778.88952785596,80965.22101174564,"[3972, 11393, 4630, 8533]",3972,3,12,8,80790.88952785596,80973.22101174564,80783.04841093933,80967.99360046787
"(1, 6, 8)",80779.00540292286,80953.95333523575,"[1967, 9875, 3523, 13163]",1967,3,12,8,80791.00540292286,80961.95333523575,80783.16428600623,80956.72592395799
"(6, 8, 17)",80779.03356193544,80954.9185023101,"[11842, 3523, 11054, 2109]",2109,3,12,8,80791.03356193544,80962.9185023101,80783.19244501881,80957.69109103233
"(2, 8, 12)",80779.06178584823,80966.13463157034,"[3972, 11393, 5970, 7193]",3972,3,12,8,80791.06178584823,80974.13463157034,80783.2206689316,80968.90722029257
"(4, 17, 19)",80779.12139492203,80982.94296336605,"[8015, 18404, 1469, 640]",640,3,12,8,80791.12139492203,80990.94296336605,80783.28027800539,80985.71555208828
"(6, 13, 14)",80779.13605582241,80957.67724531233,"[11842, 10721, 1104, 4861]",1104,3,12,8,80791.13605582241,80965.67724531233,80783.29493890578,80960.44983403456
"(7, 10, 14)",80779.16572770906,80953.10273899886,"[13640, 4909, 5118, 4861]",4861,3,12,8,80791.16572770906,80961.10273899886,80783.32461079242,80955.87532772109
"(1, 7, 12)",80779.19619649497,80954.67118842219,"[1967, 11673, 7695, 7193]",1967,3,12,8,80791.19619649497,80962.67118842219,80783.35507957834,80957.44377714442
"(7, 11, 18)",80779.2507704648,80953.15498126097,"[13640, 6355, 7192, 1341]",1341,3,12,8,80791.2507704648,80961.15498126097,80783.40965354817,80955.9275699832
"(6, 8, 9)",80779.30351041103,80953.19015162128,"[11842, 3523, 1633, 11530]",1633,3,12,8,80791.30351041103,80961.19015162128,80783.4623934944,80955.96274034352
"(2, 6)",80782.37283964068,80968.40152303273,"[3972, 7870, 16686]",3972,2,9,6,80791.37283964068,80974.40152303273,80785.4920019532,80970.48096457441
"(2, 8, 18)",80779.46908275146,80968.86024422784,"[3972, 11393, 11822, 1341]",1341,3,12,8,80791.46908275146,80976.86024422784,80783.62796583482,80971.63283295007
"(6, 7, 17)",80779.61719393526,80955.85297212312,"[11842, 1798, 12779, 2109]",1798,3,12,8,80791.61719393526,80963.85297212312,80783.77607701863,80958.62556084535
"(1, 5, 19)",80779.67881481741,80963.4521866466,"[1967, 7993, 17928, 640]",640,3,12,8,80791.67881481741,80971.4521866466,80783.83769790077,80966.22477536883
"(7, 11, 13)",80779.6791096243,80954.46220797235,"[13640, 6355, 2568, 5965]",2568,3,12,8,80791.6791096243,80962.46220797235,80783.83799270766,80957.23479669458
"(6, 15, 18)",80779.71424942127,80958.34240574119,"[11842, 12831, 2514, 1341]",1341,3,12,8,80791.71424942127,80966.34240574119,80783.87313250464,80961.11499446342
"(1, 7, 15)",80779.72163990403,80957.27286390617,"[1967, 11673, 11033, 3855]",1967,3,12,8,80791.72163990403,80965.27286390617,80783.8805229874,80960.0454526284
"(7, 10, 16)",80779.73178623305,80952.36115313438,"[13640, 4909, 7035, 2944]",2944,3,12,8,80791.73178623305,80960.36115313438,80783.89066931642,80955.13374185661
"(6, 14)",80782.80253082619,80960.5406080222,"[11842, 11825, 4861]",4861,2,9,6,80791.80253082619,80966.5406080222,80785.9216931387,80962.62004956388
"(1, 7, 10)",80779.8175776665,80951.4106769877,"[1967, 11673, 4909, 9979]",1967,3,12,8,80791.8175776665,80959.4106769877,80783.97646074987,80954.18326570993
"(1, 4, 19)",80779.90872989541,80982.07966665024,"[1967, 6048, 19873, 640]",640,3,12,8,80791.90872989541,80990.07966665024,80784.06761297878,80984.85225537248
"(2, 8, 14)",80779.95402265938,80969.60086160881,"[3972, 11393, 8302, 4861]",3972,3,12,8,80791.95402265938,80977.60086160881,80784.11290574275,80972.37345033104
"(6, 14, 18)",80780.0401890612,80959.62104802884,"[11842, 11825, 3520, 1341]",1341,3,12,8,80792.0401890612,80967.62104802884,80784.19907214456,80962.39363675108
"(2, 8, 10)",80780.06731419536,80963.35280804963,"[3972, 11393, 3184, 9979]",3184,3,12,8,80792.06731419536,80971.35280804963,80784.22619727872,80966.12539677187
"(7, 11, 15)",80780.11080876937,80953.64327978952,"[13640, 6355, 4678, 3855]",3855,3,12,8,80792.11080876937,80961.64327978952,80784.26969185274,80956.41586851176
"(1, 6, 7)",80780.14174194162,80955.43278732934,"[1967, 9875, 1798, 14888]",1798,3,12,8,80792.14174194162,80963.43278732934,80784.30062502499,80958.20537605157
"(7, 10, 17)",80780.23934897812,80952.78543617587,"[13640, 4909, 7870, 2109]",2109,3,12,8,80792.23934897812,80960.78543617587,80784.39823206149,80955.5580248981
"(7, 13)",80783.273505694,80958.19644111746,"[13640, 8923, 5965]",5965,2,9,6,80792.273505694,80964.19644111746,80786.39266800652,80960.27588265913
"(7, 11, 14)",80780.33687187819,80954.35287641143,"[13640, 6355, 3672, 4861]",3672,3,12,8,80792.33687187819,80962.35287641143,80784.49575496155,80957.12546513366
"(6, 8, 19)",80780.34912265129,80955.61362013791,"[11842, 3523, 12523, 640]",640,3,12,8,80792.34912265129,80963.61362013791,80784.50800573465,80958.38620886015
"(7, 12, 18)",80780.58422331374,80954.50073850332,"[13640, 7695, 5852, 1341]",1341,3,12,8,80792.58422331374,80962.50073850332,80784.7431063971,80957.27332722556
"(6, 15, 19)",80780.58452919839,80958.78470462647,"[11842, 12831, 3215, 640]",640,3,12,8,80792.58452919839,80966.78470462647,80784.74341228175,80961.5572933487
"(7, 11)",80783.59189642583,80954.31953424215,"[13640, 6355, 8533]",6355,2,9,6,80792.59189642583,80960.31953424215,80786.71105873835,80956.39897578383
"(5, 17, 19)",80780.62793566278,80965.51349173387,"[9960, 16459, 1469, 640]",640,3,12,8,80792.62793566278,80973.51349173387,80784.78681874614,80968.2860804561
"(7, 12, 13)",80780.6373013985,80955.68141116163,"[13640, 7695, 1228, 5965]",1228,3,12,8,80792.6373013985,80963.68141116163,80784.79618448186,80958.45399988386
"(2, 8, 16)",80780.64259290436,80968.8952850494,"[3972, 11393, 10219, 2944]",2944,3,12,8,80792.64259290436,80976.8952850494,80784.80147598773,80971.66787377163
"(7, 13, 18)",80780.75826329531,80957.4391628846,"[13640, 8923, 4624, 1341]",1341,3,12,8,80792.75826329531,80965.4391628846,80784.91714637868,80960.21175160684
"(7, 10, 19)",80780.77504422389,80952.69710165086,"[13640, 4909, 9339, 640]",640,3,12,8,80792.77504422389,80960.69710165086,80784.93392730725,80955.4696903731
"(6, 14, 15)",80780.83040240443,80958.83054042356,"[11842, 11825, 1006, 3855]",1006,3,12,8,80792.83040240443,80966.83054042356,80784.9892854878,80961.60312914579
"(2, 4, 19)",80780.84666637909,80989.00104882043,"[3972, 4043, 19873, 640]",640,3,12,8,80792.84666637909,80997.00104882043,80785.00554946245,80991.77363754266
"(1, 7, 14)",80780.96877179091,80959.0958622002,"[1967, 11673, 10027, 4861]",1967,3,12,8,80792.96877179091,80967.0958622002,80785.12765487428,80961.86845092244
"(6, 15, 17)",80780.97139623098,80958.80090916848,"[11842, 12831, 1746, 2109]",1746,3,12,8,80792.97139623098,80966.80090916848,80785.13027931434,80961.57349789071
"(1, 7, 18)",80780.98707525009,80958.94396798956,"[1967, 11673, 13547, 1341]",1341,3,12,8,80792.98707525009,80966.94396798956,80785.14595833345,80961.71655671179
"(7, 9, 13)",80780.98754991463,80955.7615430165,"[13640, 3358, 5565, 5965]",3358,3,12,8,80792.98754991463,80963.7615430165,80785.146432998,80958.53413173874
"(7, 11, 16)",80780.9940523103,80953.77393919593,"[13640, 6355, 5589, 2944]",2944,3,12,8,80792.9940523103,80961.77393919593,80785.15293539366,80956.54652791817
"(7, 12)",80784.02043359267,80955.53096321393,"[13640, 7695, 7193]",7193,2,9,6,80793.02043359267,80961.53096321393,80787.13959590519,80957.6104047556
"(7, 10, 12)",80781.07521782556,80952.4752294021,"[13640, 4909, 2786, 7193]",2786,3,12,8,80793.07521782556,80960.4752294021,80785.23410090893,80955.24781812434
"(1, 6, 17)",80781.19806864705,80961.52554395178,"[1967, 9875, 14577, 2109]",1967,3,12,8,80793.19806864705,80969.52554395178,80785.35695173041,80964.29813267401
"(6, 18)",80784.28752091288,80961.78744301823,"[11842, 15345, 1341]",1341,2,9,6,80793.28752091288,80967.78744301823,80787.4066832254,80963.8668845599
"(6, 7, 19)",80781.32320121654,80956.93455584376,"[11842, 1798, 14248, 640]",640,3,12,8,80793.32320121654,80964.93455584376,80785.4820842999,80959.707144566
"(7, 11, 17)",80781.36527453085,80954.08624275326,"[13640, 6355, 6424, 2109]",2109,3,12,8,80793.36527453085,80962.08624275326,80785.52415761421,80956.85883147549
"(7, 9, 18)",80781.37667268113,80955.25377099655,"[13640, 3358, 10189, 1341]",1341,3,12,8,80793.37667268113,80963.25377099655,80785.5355557645,80958.02635971879
"(7, 12, 14)",80781.422820462,80955.44898119193,"[13640, 7695, 2332, 4861]",2332,3,12,8,80793.422820462,80963.44898119193,80785.58170354537,80958.22156991417
"(6, 16)",80784.43415819286,80960.74382998387,"[11842, 13742, 2944]",2944,2,9,6,80793.43415819286,80966.74382998387,80787.55332050538,80962.82327152554
"(7, 9, 15)",80781.45105200782,80954.962682947,"[13640, 3358, 7675, 3855]",3358,3,12,8,80793.45105200782,80962.962682947,80785.60993509118,80957.73527166924
"(6, 15, 16)",80781.48632743745,80958.73832824198,"[11842, 12831, 911, 2944]",911,3,12,8,80793.48632743745,80966.73832824198,80785.64521052082,80961.51091696421
"(7, 12, 15)",80781.50945292227,80955.05382477805,"[13640, 7695, 3338, 3855]",3338,3,12,8,80793.50945292227,80963.05382477805,80785.66833600563,80957.82641350028
"(5, 19)",80784.52699684218,80968.39238495691,"[9960, 17928, 640]",640,2,9,6,80793.52699684218,80974.39238495691,80787.6461591547,80970.47182649859
"(7, 15)",80784.54587700173,80958.1326386979,"[13640, 11033, 3855]",3855,2,9,6,80793.54587700173,80964.1326386979,80787.66503931425,80960.21208023958
"(6, 14, 19)",80781.5753083957,80960.71593644601,"[11842, 11825, 4221, 640]",640,3,12,8,80793.5753083957,80968.71593644601,80785.73419147906,80963.48852516824
"(4, 19)",80784.59427216927,80987.38259492713,"[8015, 19873, 640]",640,2,9,6,80793.59427216927,80993.38259492713,80787.71343448179,80989.4620364688
"(6, 8)",80784.60250493695,80955.44797285025,"[11842, 3523, 13163]",3523,2,9,6,80793.60250493695,80961.44797285025,80787.72166724947,80957.52741439192
"(7, 10)",80784.64181476418,80952.27045177943,"[13640, 4909, 9979]",4909,2,9,6,80793.64181476418,80958.27045177943,80787.7609770767,80954.34989332111
"(7, 11, 19)",80781.79953447434,80953.9173615275,"[13640, 6355, 7893, 640]",640,3,12,8,80793.79953447434,80961.9173615275,80785.9584175577,80956.68995024974
"(6, 14, 16)",80781.85300681985,80959.98648784062,"[11842, 11825, 1917, 2944]",1917,3,12,8,80793.85300681985,80967.98648784062,80786.01188990321,80962.75907656286
"(1, 7, 16)",80781.88441167877,80958.62513441656,"[1967, 11673, 11944, 2944]",1967,3,12,8,80793.88441167877,80966.62513441656,80786.04329476213,80961.3977231388
"(1, 5)",80784.89008688035,80964.12447348727,"[1967, 7993, 18568]",1967,2,9,6,80793.89008688035,80970.12447348727,80788.00924919287,80966.20391502895
"(6, 14, 17)",80781.92461012522,80960.64859255814,"[11842, 11825, 2752, 2109]",2109,3,12,8,80793.92461012522,80968.64859255814,80786.08349320859,80963.42118128037
"(2, 8, 17)",80781.99114202966,80970.14303853206,"[3972, 11393, 11054, 2109]",2109,3,12,8,80793.99114202966,80978.14303853206,80786.15002511302,80972.91562725429
"(7, 10, 11)",80781.99895385143,80952.68226525561,"[13640, 4909, 1446, 8533]",1446,3,12,8,80793.99895385143,80960.68226525561,80786.1578369348,80955.45485397785
"(7, 8, 13)",80782.02143148493,80957.4566193279,"[13640, 1725, 7198, 5965]",1725,3,12,8,80794.02143148493,80965.4566193279,80786.1803145683,80960.22920805014
"(7, 13, 19)",80782.0370103495,80958.39191653967,"[13640, 8923, 5325, 640]",640,3,12,8,80794.0370103495,80966.39191653967,80786.19589343286,80961.1645052619
"(1, 7, 9)",80782.19856879205,80956.47505860351,"[1967, 11673, 3358, 11530]",1967,3,12,8,80794.19856879205,80964.47505860351,80786.35745187542,80959.24764732574
"(2, 8, 9)",80782.26109050526,80968.41468784324,"[3972, 11393, 1633, 11530]",1633,3,12,8,80794.26109050526,80976.41468784324,80786.41997358862,80971.18727656547
"(7, 12, 16)",80782.327763243,80955.1245541659,"[13640, 7695, 4249, 2944]",2944,3,12,8,80794.327763243,80963.1245541659,80786.48664632636,80957.89714288813
"(7, 13, 15)",80782.32853425923,80957.56559234808,"[13640, 8923, 2110, 3855]",2110,3,12,8,80794.32853425923,80965.56559234808,80786.48741734259,80960.33818107031
"(6, 16, 18)",80782.40531951851,80960.29122201185,"[11842, 13742, 1603, 1341]",1341,3,12,8,80794.40531951851,80968.29122201185,80786.56420260188,80963.06381073408
"(7, 9, 14)",80782.44033113371,80956.48543480165,"[13640, 3358, 6669, 4861]",3358,3,12,8,80794.44033113371,80964.48543480165,80786.59921421707,80959.25802352389
"(7, 13, 17)",80782.44755006401,80958.39512936558,"[13640, 8923, 3856, 2109]",2109,3,12,8,80794.44755006401,80966.39512936558,80786.60643314738,80961.16771808782
"(7, 11, 12)",80782.58633971645,80954.0836299579,"[13640, 6355, 1340, 7193]",1340,3,12,8,80794.58633971645,80962.0836299579,80786.74522279981,80956.85621868013
"(3, 11, 18)",80782.59738006965,80974.48977024629,"[5996, 13999, 7192, 1341]",1341,3,12,8,80794.59738006965,80982.48977024629,80786.75626315302,80977.26235896852
"(7, 12, 17)",80782.6018190553,80955.35981055308,"[13640, 7695, 5084, 2109]",2109,3,12,8,80794.6018190553,80963.35981055308,80786.76070213866,80958.13239927532
"(7, 13, 16)",80782.66285824004,80957.94898698095,"[13640, 8923, 3021, 2944]",2944,3,12,8,80794.66285824004,80965.94898698095,80786.82174132341,80960.72157570318
"(7, 15, 18)",80782.69772750762,80957.77857829008,"[13640, 11033, 2514, 1341]",1341,3,12,8,80794.69772750762,80965.77857829008,80786.85661059098,80960.55116701231
"(6, 7)",80785.73884395574,80956.92742494383,"[11842, 1798, 14888]",1798,2,9,6,80794.73884395574,80962.92742494383,80788.85800626826,80959.0068664855
"(1, 2, 4)",80782.74135149807,80984.23139741513,"[1967, 2005, 4043, 20513]",1967,3,12,8,80794.74135149807,80992.23139741513,80786.90023458144,80987.00398613737
"(7, 9, 12)",80782.78637268921,80954.25553800157,"[13640, 3358, 4337, 7193]",3358,3,12,8,80794.78637268921,80962.25553800157,80786.94525577257,80957.0281267238
"(7, 14)",80785.7930088886,80959.95563699193,"[13640, 10027, 4861]",4861,2,9,6,80794.7930088886,80965.95563699193,80788.91217120113,80962.0350785336
"(1, 4)",80785.7932626169,80983.4069785308,"[1967, 6048, 20513]",1967,2,9,6,80794.7932626169,80989.4069785308,80788.91242492943,80985.48642007247
"(7, 18)",80785.81131234777,80959.80374278128,"[13640, 13547, 1341]",1341,2,9,6,80794.81131234777,80965.80374278128,80788.93047466029,80961.88318432296
"(7, 9, 16)",80782.87608108687,80955.60563271324,"[13640, 3358, 8586, 2944]",2944,3,12,8,80794.87608108687,80963.60563271324,80787.03496417023,80958.37822143547
"(7, 8, 15)",80782.9947029775,80957.02673703,"[13640, 1725, 9308, 3855]",1725,3,12,8,80794.9947029775,80965.02673703,80787.15358606087,80959.79932575223
"(7, 12, 19)",80782.9983284072,80955.13276707035,"[13640, 7695, 6553, 640]",640,3,12,8,80794.9983284072,80963.13276707035,80787.15721149056,80957.90535579258
"(6, 7, 8)",80783.00348226055,80954.59229882836,"[11842, 1798, 1725, 13163]",1725,3,12,8,80795.00348226055,80962.59229882836,80787.16236534392,80957.36488755059
"(3, 11, 13)",80783.02571922916,80975.79699695768,"[5996, 13999, 2568, 5965]",2568,3,12,8,80795.02571922916,80983.79699695768,80787.18460231253,80978.56958567991
"(7, 14, 18)",80783.03066712362,80959.03607699857,"[13640, 10027, 3520, 1341]",1341,3,12,8,80795.03066712362,80967.03607699857,80787.18955020698,80961.8086657208
"(7, 8, 11)",80783.070817921,80954.38699586151,"[13640, 1725, 4630, 8533]",1725,3,12,8,80795.070817921,80962.38699586151,80787.22970100437,80957.15958458374
"(7, 9, 10)",80783.0996785563,80952.49753539189,"[13640, 3358, 1551, 9979]",1551,3,12,8,80795.0996785563,80960.49753539189,80787.25856163967,80955.27012411412
"(7, 9, 11)",80783.10651890299,80953.82759395931,"[13640, 3358, 2997, 8533]",2997,3,12,8,80795.10651890299,80961.82759395931,80787.26540198635,80956.60018268155
"(7, 13, 14)",80783.14206805098,80958.08929772986,"[13640, 8923, 1104, 4861]",1104,3,12,8,80795.14206805098,80966.08929772986,80787.30095113434,80960.8618864521
"(7, 8, 12)",80783.24307591325,80955.30061568621,"[13640, 1725, 5970, 7193]",1725,3,12,8,80795.24307591325,80963.30061568621,80787.40195899662,80958.07320440844
"(3, 4, 19)",80783.25023342592,80987.7185360046,"[5996, 2019, 19873, 640]",640,3,12,8,80795.25023342592,80995.7185360046,80787.40911650928,80990.49112472683
"(2, 8, 19)",80783.3067027455,80970.83815635988,"[3972, 11393, 12523, 640]",640,3,12,8,80795.3067027455,80978.83815635988,80787.46558582886,80973.61074508211
"(3, 11, 15)",80783.45741837422,80974.97806877486,"[5996, 13999, 4678, 3855]",3855,3,12,8,80795.45741837422,80982.97806877486,80787.61630145759,80977.75065749709
"(6, 16, 19)",80783.49005397123,80960.80619390772,"[11842, 13742, 2304, 640]",640,3,12,8,80795.49005397123,80968.80619390772,80787.64893705459,80963.57878262995
"(1, 3, 11)",80783.5246626175,80969.99456120419,"[1967, 4029, 13999, 8533]",1967,3,12,8,80795.5246626175,80977.99456120419,80787.68354570087,80972.76714992643
"(1, 7, 17)",80783.53084967323,80960.23939169111,"[1967, 11673, 12779, 2109]",1967,3,12,8,80795.53084967323,80968.23939169111,80787.6897327566,80963.01198041334
"(7, 15, 19)",80783.56800728473,80958.22087717535,"[13640, 11033, 3215, 640]",640,3,12,8,80795.56800728473,80966.22087717535,80787.7268903681,80960.99346589758
"(1, 2, 8)",80783.57023742865,80964.57554578634,"[1967, 2005, 11393, 13163]",1967,3,12,8,80795.57023742865,80972.57554578634,80787.72912051201,80967.34813450857
"(7, 8, 18)",80783.6503728165,80958.02622834369,"[13640, 1725, 11822, 1341]",1341,3,12,8,80795.6503728165,80966.02622834369,80787.80925589986,80960.79881706592
"(3, 11, 14)",80783.68348148304,80975.68766539676,"[5996, 13999, 3672, 4861]",3672,3,12,8,80795.68348148304,80983.68766539676,80787.8423645664,80978.460254119
"(7, 16)",80786.70864877646,80959.48490920829,"[13640, 11944, 2944]",2944,2,9,6,80795.70864877646,80965.48490920829,80789.82781108898,80961.56435074996
"(1, 6, 19)",80783.70900249641,80963.46536854454,"[1967, 9875, 16046, 640]",640,3,12,8,80795.70900249641,80971.46536854454,80787.86788557978,80966.23795726677
"(2, 4)",80786.73119910058,80990.328360701,"[3972, 4043, 20513]",3972,2,9,6,80795.73119910058,80996.328360701,80789.8503614131,80992.40780224267
"(5,)",80789.73826890512,80969.06467179759,"[9960, 18568]",9960,1,6,4,80795.73826890512,80973.06467179759,80791.81771044679,80970.4509661587
"(7, 9, 17)",80783.79056228885,80956.48163551338,"[13640, 3358, 9421, 2109]",2109,3,12,8,80795.79056228885,80964.48163551338,80787.94944537221,80959.25422423561
"(6, 17)",80786.79517066115,80963.02018156627,"[11842, 14577, 2109]",2109,2,9,6,80795.79517066115,80969.02018156627,80789.91433297367,80965.09962310795
"(6, 18, 19)",80783.79569238902,80961.40892537433,"[11842, 15345, 701, 640]",640,3,12,8,80795.79569238902,80969.40892537433,80787.95457547238,80964.18151409656
"(7, 14, 15)",80783.82088046685,80958.24556939329,"[13640, 10027, 1006, 3855]",1006,3,12,8,80795.82088046685,80966.24556939329,80787.97976355022,80961.01815811552
"(6, 16, 17)",80783.84562617933,80960.7839895771,"[11842, 13742, 835, 2109]",835,3,12,8,80795.84562617933,80968.7839895771,80788.0045092627,80963.55657829934
"(3, 11)",80786.93850603068,80975.65432322747,"[5996, 13999, 8533]",5996,2,9,6,80795.93850603068,80981.65432322747,80790.0576683432,80977.73376476915
"(7, 15, 17)",80783.9548743173,80958.23708171737,"[13640, 11033, 1746, 2109]",1746,3,12,8,80795.9548743173,80966.23708171737,80788.11375740067,80961.0096704396
"(7, 9)",80787.02280588975,80957.33483339525,"[13640, 3358, 11530]",3358,2,9,6,80796.02280588975,80963.33483339525,80790.14196820227,80959.41427493692
"(7, 8, 14)",80784.13531272442,80958.76684572468,"[13640, 1725, 8302, 4861]",1725,3,12,8,80796.13531272442,80966.76684572468,80788.29419580779,80961.53943444691
"(6, 17, 18)",80784.24388866307,80961.72097570982,"[11842, 14577, 768, 1341]",768,3,12,8,80796.24388866307,80969.72097570982,80788.40277174643,80964.49356443205
"(7, 8, 10)",80784.24860426039,80952.5187921655,"[13640, 1725, 3184, 9979]",1725,3,12,8,80796.24860426039,80960.5187921655,80788.40748734375,80955.29138088773
"(3, 11, 16)",80784.34066191516,80975.10872818128,"[5996, 13999, 5589, 2944]",2944,3,12,8,80796.34066191516,80983.10872818128,80788.49954499853,80977.88131690351
"(7, 15, 16)",80784.46980552378,80958.17450079086,"[13640, 11033, 911, 2944]",911,3,12,8,80796.46980552378,80966.17450079086,80788.62868860715,80960.9470895131
"(4,)",80790.47880489076,80988.7099068077,"[8015, 20513]",8015,1,6,4,80796.47880489076,80992.7099068077,80792.55824643244,80990.09620116881
"(2, 3, 11)",80784.48252411249,80976.67834388361,"[3972, 2024, 13999, 8533]",2024,3,12,8,80796.48252411249,80984.67834388361,80788.64140719586,80979.45093260585
"(2, 8)",80787.56008503117,80970.6725090722,"[3972, 11393, 13163]",3972,2,9,6,80796.56008503117,80976.6725090722,80790.6792473437,80972.75195061388
"(7, 14, 19)",80784.56578645812,80960.13096541574,"[13640, 10027, 4221, 640]",640,3,12,8,80796.56578645812,80968.13096541574,80788.72466954148,80962.90355413797
"(7, 16, 18)",80784.67981010211,80959.03230123626,"[13640, 11944, 1603, 1341]",1341,3,12,8,80796.67981010211,80967.03230123626,80788.83869318548,80961.8048899585
"(7, 9, 19)",80784.6830919776,80956.75346792376,"[13640, 3358, 10890, 640]",640,3,12,8,80796.6830919776,80964.75346792376,80788.84197506096,80959.52605664599
"(3, 11, 17)",80784.7118841357,80975.42103173859,"[5996, 13999, 6424, 2109]",2109,3,12,8,80796.7118841357,80983.42103173859,80788.87076721906,80978.19362046082
"(7, 8, 16)",80784.82388296939,80958.06126916528,"[13640, 1725, 10219, 2944]",1725,3,12,8,80796.82388296939,80966.06126916528,80788.98276605275,80960.83385788751
"(7, 14, 16)",80784.84348488227,80959.40151681035,"[13640, 10027, 1917, 2944]",1917,3,12,8,80796.84348488227,80967.40151681035,80789.00236796563,80962.17410553258
"(7, 14, 17)",80784.91508818764,80960.06362152786,"[13640, 10027, 2752, 2109]",2109,3,12,8,80796.91508818764,80968.06362152786,80789.073971271,80962.8362102501
"(3, 11, 19)",80785.14614407918,80975.25215051282,"[5996, 13999, 7893, 640]",640,3,12,8,80797.14614407918,80983.25215051282,80789.30502716254,80978.02473923506
"(1, 7, 19)",80785.2368569545,80961.32097541177,"[1967, 11673, 14248, 640]",640,3,12,8,80797.2368569545,80969.32097541177,80789.39574003787,80964.093564134
"(7, 18, 19)",80785.3194838239,80959.42522513738,"[13640, 13547, 701, 640]",640,3,12,8,80797.3194838239,80967.42522513738,80789.47836690726,80962.19781385962
"(7, 17)",80788.35508677091,80961.09916648285,"[13640, 12779, 2109]",2109,2,9,6,80797.35508677091,80967.09916648285,80791.47424908343,80963.17860802452
"(1, 6)",80788.50139088082,80963.7795216074,"[1967, 9875, 16686]",1967,2,9,6,80797.50139088082,80969.7795216074,80791.62055319334,80965.85896314908
"(2, 9, 13)",80785.71669168974,80973.25069581937,"[3972, 13026, 5565, 5965]",3972,3,12,8,80797.71669168974,80981.25069581937,80789.8755747731,80976.0232845416
"(1, 3, 4)",80785.72092273425,80983.38608586189,"[1967, 4029, 2019, 20513]",1967,3,12,8,80797.72092273425,80991.38608586189,80789.87980581762,80986.15867458412
"(7, 16, 19)",80785.76454455483,80959.54727313214,"[13640, 11944, 2304, 640]",640,3,12,8,80797.76454455483,80967.54727313214,80789.92342763819,80962.31986185437
"(2, 10, 18)",80785.79845747785,80974.34712147145,"[3972, 14577, 8638, 1341]",1341,3,12,8,80797.79845747785,80982.34712147145,80789.95734056122,80977.11971019369
"(7, 17, 18)",80785.80380477283,80959.79996062638,"[13640, 12779, 768, 1341]",768,3,12,8,80797.80380477283,80967.79996062638,80789.9626878562,80962.57254934861
"(3, 11, 12)",80785.9329493213,80975.41841894321,"[5996, 13999, 1340, 7193]",1340,3,12,8,80797.9329493213,80983.41841894321,80790.09183240467,80978.19100766545
"(2, 10, 13)",80786.08360641287,80975.63513290776,"[3972, 14577, 4014, 5965]",3972,3,12,8,80798.08360641287,80983.63513290776,80790.24248949623,80978.40772162999
"(2, 9, 18)",80786.10581445624,80972.74292379941,"[3972, 13026, 10189, 1341]",1341,3,12,8,80798.10581445624,80980.74292379941,80790.2646975396,80975.51551252164
"(7, 16, 17)",80786.12011676293,80959.52506880152,"[13640, 11944, 835, 2109]",835,3,12,8,80798.12011676293,80967.52506880152,80790.2789998463,80962.29765752376
"(3, 4)",80789.13476614743,80989.04584788517,"[5996, 2019, 20513]",2019,2,9,6,80798.13476614743,80995.04584788517,80792.25392845995,80991.12528942684
"(7, 8, 17)",80786.1724320947,80959.30902264793,"[13640, 1725, 11054, 2109]",1725,3,12,8,80798.1724320947,80967.30902264793,80790.33131517806,80962.08161137016
"(2, 9, 15)",80786.18019378293,80972.45183574986,"[3972, 13026, 7675, 3855]",3855,3,12,8,80798.18019378293,80980.45183574986,80790.3390768663,80975.2244244721
"(6, 19)",80789.30610451051,80964.96000615903,"[11842, 16046, 640]",640,2,9,6,80798.30610451051,80970.96000615903,80792.42526682303,80967.0394477007
"(6, 17, 19)",80786.33964855167,80962.96207693456,"[11842, 14577, 1469, 640]",640,3,12,8,80798.33964855167,80970.96207693456,80790.49853163504,80965.7346656568
"(7, 8, 9)",80786.44238057028,80957.5806719591,"[13640, 1725, 1633, 11530]",1633,3,12,8,80798.44238057028,80965.5806719591,80790.60126365365,80960.35326068134
"(2, 10, 15)",80786.51368664039,80974.71307737938,"[3972, 14577, 6124, 3855]",3855,3,12,8,80798.51368664039,80982.71307737938,80790.67256972376,80977.48566610161
"(1, 7)",80789.65249969371,80961.31384451181,"[1967, 11673, 14888]",1967,2,9,6,80798.65249969371,80967.31384451181,80792.77166200623,80963.39328605348
"(2, 3, 4)",80786.67878422924,80990.0698685413,"[3972, 2024, 2019, 20513]",2019,3,12,8,80798.67878422924,80998.0698685413,80790.8376673126,80992.84245726353
"(1, 7, 8)",80786.9171379985,80958.97871839633,"[1967, 11673, 1725, 13163]",1725,3,12,8,80798.9171379985,80966.97871839633,80791.07602108187,80961.75130711857
"(2, 10, 14)",80786.94392342983,80975.68367075424,"[3972, 14577, 5118, 4861]",3972,3,12,8,80798.94392342983,80983.68367075424,80791.1028065132,80978.45625947647
"(7, 19)",80790.0610940522,80962.1807502035,"[13640, 14248, 640]",640,2,9,6,80799.0610940522,80968.1807502035,80793.18025636472,80964.26019174517
"(2, 9, 14)",80787.16947290882,80973.9745876045,"[3972, 13026, 6669, 4861]",3972,3,12,8,80799.16947290882,80981.9745876045,80791.32835599218,80976.74717632674
"(7, 8, 19)",80787.48799281054,80960.00414047574,"[13640, 1725, 12523, 640]",640,3,12,8,80799.48799281054,80968.00414047574,80791.6468758939,80962.77672919797
"(2, 10, 16)",80787.50998195383,80974.94208488977,"[3972, 14577, 7035, 2944]",2944,3,12,8,80799.50998195383,80982.94208488977,80791.6688650372,80977.714673612
"(2, 9, 12)",80787.51551446432,80971.74469080442,"[3972, 13026, 4337, 7193]",3972,3,12,8,80799.51551446432,80979.74469080442,80791.67439754769,80974.51727952666
"(2, 9, 16)",80787.60522286198,80973.09478551612,"[3972, 13026, 8586, 2944]",2944,3,12,8,80799.60522286198,80981.09478551612,80791.76410594535,80975.86737423835
"(1, 2, 9)",80787.76210006235,80968.72702291224,"[1967, 2005, 13026, 11530]",1967,3,12,8,80799.76210006235,80976.72702291224,80791.92098314571,80971.49961163447
"(2, 9, 10)",80787.82882033142,80969.98668819474,"[3972, 13026, 1551, 9979]",1551,3,12,8,80799.82882033142,80977.98668819474,80791.98770341478,80972.75927691697
"(2, 9, 11)",80787.8356606781,80971.31674676218,"[3972, 13026, 2997, 8533]",2997,3,12,8,80799.8356606781,80979.31674676218,80791.99454376147,80974.08933548442
"(7, 17, 19)",80787.89956466143,80961.04106185114,"[13640, 12779, 1469, 640]",640,3,12,8,80799.89956466143,80969.04106185114,80792.0584477448,80963.81365057337
"(2, 10, 17)",80788.0175446989,80975.36636793124,"[3972, 14577, 7870, 2109]",2109,3,12,8,80800.0175446989,80983.36636793124,80792.17642778227,80978.13895665348
"(6,)",80794.09849289493,80965.2741592219,"[11842, 16686]",11842,1,6,4,80800.09849289493,80969.2741592219,80796.17793443661,80966.66045358301
"(1, 2, 10)",80788.43016288246,80968.75442024895,"[1967, 2005, 14577, 9979]",1967,3,12,8,80800.43016288246,80976.75442024895,80792.58904596583,80971.52700897118
"(7,)",80794.4767367914,80962.17361930355,"[13640, 14888]",13640,1,6,4,80800.4767367914,80966.17361930355,80796.55617833308,80963.55991366466
"(2, 9, 17)",80788.51970406396,80973.97078831623,"[3972, 13026, 9421, 2109]",2109,3,12,8,80800.51970406396,80981.97078831623,80792.67858714733,80976.74337703847
"(2, 10, 19)",80788.55323994467,80975.27803340624,"[3972, 14577, 9339, 640]",640,3,12,8,80800.55323994467,80983.27803340624,80792.71212302803,80978.05062212847
"(7, 8)",80791.7413750962,80959.83849318807,"[13640, 1725, 13163]",1725,2,9,6,80800.7413750962,80965.83849318807,80794.86053740872,80961.91793472975
"(2, 9)",80791.75194766486,80974.82398619811,"[3972, 13026, 11530]",3972,2,9,6,80800.75194766486,80980.82398619811,80794.87110997738,80976.90342773979
"(2, 10, 12)",80788.85341354634,80975.0561611575,"[3972, 14577, 2786, 7193]",2786,3,12,8,80800.85341354634,80983.0561611575,80793.0122966297,80977.82874987973
"(1, 8, 13)",80789.25741338721,80968.60851482514,"[1967, 13398, 7198, 5965]",1967,3,12,8,80801.25741338721,80976.60851482514,80793.41629647058,80971.38110354738
"(2, 9, 19)",80789.41223375271,80974.24262072661,"[3972, 13026, 10890, 640]",640,3,12,8,80801.41223375271,80982.24262072661,80793.57111683607,80977.01520944884
"(2, 10)",80792.42001048496,80974.85138353481,"[3972, 14577, 9979]",3972,2,9,6,80801.42001048496,80980.85138353481,80795.53917279748,80976.93082507649
"(8, 10, 18)",80789.55228642371,80962.7410739813,"[15365, 3184, 8638, 1341]",1341,3,12,8,80801.55228642371,80970.7410739813,80793.71116950708,80965.51366270354
"(2, 10, 11)",80789.77714957221,80975.26319701101,"[3972, 14577, 1446, 8533]",1446,3,12,8,80801.77714957221,80983.26319701101,80793.93603265558,80978.03578573324
"(8, 10, 13)",80789.83743535873,80964.02908541758,"[15365, 3184, 4014, 5965]",3184,3,12,8,80801.83743535873,80972.02908541758,80793.99631844209,80966.80167413982
"(1, 8, 15)",80790.23068487979,80968.17863252724,"[1967, 13398, 9308, 3855]",1967,3,12,8,80802.23068487979,80976.17863252724,80794.38956796315,80970.95122124947
"(8, 10, 15)",80790.26751558625,80963.10702988922,"[15365, 3184, 6124, 3855]",3184,3,12,8,80802.26751558625,80971.10702988922,80794.42639866962,80965.87961861145
"(1, 8, 11)",80790.30679982329,80965.53889135875,"[1967, 13398, 4630, 8533]",1967,3,12,8,80802.30679982329,80973.53889135875,80794.46568290665,80968.31148008099
"(1, 8, 12)",80790.47905781554,80966.45251118345,"[1967, 13398, 5970, 7193]",1967,3,12,8,80802.47905781554,80974.45251118345,80794.6379408989,80969.22509990569
"(3, 12, 18)",80790.57452958052,80981.82486549937,"[5996, 15339, 5852, 1341]",1341,3,12,8,80802.57452958052,80989.82486549937,80794.73341266389,80984.5974542216
"(1, 3, 12)",80790.59689644628,80977.1953281867,"[1967, 4029, 15339, 7193]",1967,3,12,8,80802.59689644628,80985.1953281867,80794.75577952965,80979.96791690894
"(3, 12, 13)",80790.62760766526,80983.00553815768,"[5996, 15339, 1228, 5965]",1228,3,12,8,80802.62760766526,80991.00553815768,80794.78649074862,80985.77812687992
"(8, 11, 18)",80790.65492713041,80963.9489867595,"[15365, 4630, 7192, 1341]",1341,3,12,8,80802.65492713041,80971.9489867595,80794.81381021377,80966.72157548173
"(8, 10, 14)",80790.6977523757,80964.07762326408,"[15365, 3184, 5118, 4861]",3184,3,12,8,80802.6977523757,80972.07762326408,80794.85663545906,80966.85021198631
"(1, 8, 18)",80790.88635471878,80969.17812384095,"[1967, 13398, 11822, 1341]",1341,3,12,8,80802.88635471878,80977.17812384095,80795.04523780214,80971.95071256318
"(8, 13)",80793.94666665536,80968.18316320705,"[15365, 7198, 5965]",5965,2,9,6,80802.94666665536,80974.18316320705,80797.06582896788,80970.26260474873
"(3, 12)",80794.01073985946,80982.85509020998,"[5996, 15339, 7193]",5996,2,9,6,80803.01073985946,80988.85509020998,80797.12990217198,80984.93453175166
"(8, 11, 13)",80791.0832662899,80965.25621347087,"[15365, 4630, 2568, 5965]",2568,3,12,8,80803.0832662899,80973.25621347087,80795.24214937327,80968.0288021931
"(8, 10, 16)",80791.26381089969,80963.3360373996,"[15365, 3184, 7035, 2944]",2944,3,12,8,80803.26381089969,80971.3360373996,80795.42269398306,80966.10862612183
"(1, 8, 14)",80791.3712946267,80969.91874122192,"[1967, 13398, 8302, 4861]",1967,3,12,8,80803.3712946267,80977.91874122192,80795.53017771007,80972.69132994415
"(3, 12, 14)",80791.41312672877,80982.77310818799,"[5996, 15339, 2332, 4861]",2332,3,12,8,80803.41312672877,80990.77310818799,80795.57200981214,80985.54569691022
"(8, 13, 18)",80791.43142425668,80967.42588497419,"[15365, 7198, 4624, 1341]",1341,3,12,8,80803.43142425668,80975.42588497419,80795.59030734004,80970.19847369642
"(1, 8, 10)",80791.48458616267,80963.67068766274,"[1967, 13398, 3184, 9979]",1967,3,12,8,80803.48458616267,80971.67068766274,80795.64346924603,80966.44327638498
"(3, 12, 15)",80791.49975918906,80982.37795177409,"[5996, 15339, 3338, 3855]",3338,3,12,8,80803.49975918906,80990.37795177409,80795.65864227242,80985.15054049632
"(8, 11, 15)",80791.51496543498,80964.43728528805,"[15365, 4630, 4678, 3855]",3855,3,12,8,80803.51496543498,80972.43728528805,80795.67384851835,80967.20987401028
"(2, 3, 12)",80791.55475794128,80983.87911086611,"[3972, 2024, 15339, 7193]",2024,3,12,8,80803.55475794128,80991.87911086611,80795.71364102465,80986.65169958834
"(8, 12, 18)",80791.73210080476,80964.99693485475,"[15365, 5970, 5852, 1341]",1341,3,12,8,80803.73210080476,80972.99693485475,80795.89098388812,80967.76952357698
"(8, 11, 14)",80791.7410285438,80965.14688190995,"[15365, 4630, 3672, 4861]",3672,3,12,8,80803.7410285438,80973.14688190995,80795.89991162716,80967.91947063219
"(8, 10, 17)",80791.77137364476,80963.76032044108,"[15365, 3184, 7870, 2109]",2109,3,12,8,80803.77137364476,80971.76032044108,80795.93025672813,80966.53290916332
"(8, 12, 13)",80791.78517888952,80966.17760751306,"[15365, 5970, 1228, 5965]",1228,3,12,8,80803.78517888952,80974.17760751306,80795.94406197288,80968.9501962353
"(8, 15)",80794.91993814794,80967.75328090915,"[15365, 9308, 3855]",3855,2,9,6,80803.91993814794,80973.75328090915,80798.03910046046,80969.83272245082
"(8, 11)",80794.99605309144,80965.11353974066,"[15365, 4630, 8533]",4630,2,9,6,80803.99605309144,80971.11353974066,80798.11521540396,80967.19298128234
"(1, 8, 16)",80792.05986487167,80969.2131646625,"[1967, 13398, 10219, 2944]",1967,3,12,8,80804.05986487167,80977.2131646625,80796.21874795503,80971.98575338474
"(8, 12)",80795.16831108369,80966.02715956536,"[15365, 5970, 7193]",5970,2,9,6,80804.16831108369,80972.02715956536,80798.28747339621,80968.10660110704
"(8, 10, 19)",80792.30706889053,80963.67198591608,"[15365, 3184, 9339, 640]",640,3,12,8,80804.30706889053,80971.67198591608,80796.46595197389,80966.44457463831
"(3, 12, 16)",80792.31806950978,80982.44868116194,"[5996, 15339, 4249, 2944]",2944,3,12,8,80804.31806950978,80990.44868116194,80796.47695259315,80985.22126988418
"(8, 9, 13)",80792.3323597656,80966.73392545951,"[15365, 1633, 5565, 5965]",1633,3,12,8,80804.3323597656,80974.73392545951,80796.49124284896,80969.50651418175
"(8, 11, 16)",80792.39820897591,80964.56794469446,"[15365, 4630, 5589, 2944]",2944,3,12,8,80804.39820897591,80972.56794469446,80796.55709205927,80967.34053341669
"(8, 12, 14)",80792.57069795302,80965.94517754337,"[15365, 5970, 2332, 4861]",2332,3,12,8,80804.57069795302,80973.94517754337,80796.72958103639,80968.7177662656
"(8, 18)",80795.57560798693,80968.75277222286,"[15365, 11822, 1341]",1341,2,9,6,80804.57560798693,80974.75277222286,80798.69477029945,80970.83221376453
"(3, 12, 17)",80792.59212532207,80982.68393754914,"[5996, 15339, 5084, 2109]",2109,3,12,8,80804.59212532207,80990.68393754914,80796.75100840544,80985.45652627137
"(8, 10, 12)",80792.6072424922,80963.45011366732,"[15365, 3184, 2786, 7193]",2786,3,12,8,80804.6072424922,80971.45011366732,80796.76612557557,80966.22270238955
"(8, 12, 15)",80792.65733041329,80965.55002112947,"[15365, 5970, 3338, 3855]",3338,3,12,8,80804.65733041329,80973.55002112947,80796.81621349666,80968.3226098517
"(8, 13, 19)",80792.71017131086,80968.37863862926,"[15365, 7198, 5325, 640]",640,3,12,8,80804.71017131086,80976.37863862926,80796.86905439422,80971.1512273515
"(8, 9, 18)",80792.7214825321,80966.22615343958,"[15365, 1633, 10189, 1341]",1341,3,12,8,80804.7214825321,80974.22615343958,80796.88036561546,80968.99874216181
"(8, 11, 17)",80792.76943119646,80964.88024825176,"[15365, 4630, 6424, 2109]",2109,3,12,8,80804.76943119646,80972.88024825176,80796.92831427982,80967.652836974
"(8, 9, 15)",80792.79586185879,80965.93506539002,"[15365, 1633, 7675, 3855]",1633,3,12,8,80804.79586185879,80973.93506539002,80796.95474494215,80968.70765411225
"(3, 12, 19)",80792.98863467398,80982.4568940664,"[5996, 15339, 6553, 640]",640,3,12,8,80804.98863467398,80990.4568940664,80797.14751775734,80985.22948278864
"(8, 13, 15)",80793.00169522059,80967.55231443768,"[15365, 7198, 2110, 3855]",2110,3,12,8,80805.00169522059,80975.55231443768,80797.16057830396,80970.32490315991
"(8, 14)",80796.06054789486,80969.49338960383,"[15365, 8302, 4861]",4861,2,9,6,80805.06054789486,80975.49338960383,80799.17971020738,80971.5728311455
"(8, 15, 18)",80793.07178865383,80967.3992205013,"[15365, 9308, 2514, 1341]",1341,3,12,8,80805.07178865383,80975.3992205013,80797.2306717372,80970.17180922354
"(8, 13, 17)",80793.12071102537,80968.38185145518,"[15365, 7198, 3856, 2109]",2109,3,12,8,80805.12071102537,80976.38185145518,80797.27959410874,80971.15444017742
"(8, 10)",80796.17383943082,80963.24533604465,"[15365, 3184, 9979]",3184,2,9,6,80805.17383943082,80969.24533604465,80799.29300174334,80965.32477758633
"(8, 11, 19)",80793.20369113995,80964.71136702603,"[15365, 4630, 7893, 640]",640,3,12,8,80805.20369113995,80972.71136702603,80797.36257422331,80967.48395574826
"(8, 14, 18)",80793.29820612987,80968.57382961045,"[15365, 8302, 3520, 1341]",1341,3,12,8,80805.29820612987,80976.57382961045,80797.45708921323,80971.34641833269
"(8, 13, 16)",80793.33601920141,80967.93570907056,"[15365, 7198, 3021, 2944]",2944,3,12,8,80805.33601920141,80975.93570907056,80797.49490228477,80970.7082977928
"(1, 8, 17)",80793.40841399698,80970.46091814517,"[1967, 13398, 11054, 2109]",1967,3,12,8,80805.40841399698,80978.46091814517,80797.56729708034,80973.2335068674
"(8, 12, 16)",80793.47564073402,80965.62075051732,"[15365, 5970, 4249, 2944]",2944,3,12,8,80805.47564073402,80973.62075051732,80797.63452381738,80968.39333923956
"(8, 10, 11)",80793.53097851807,80963.65714952083,"[15365, 3184, 1446, 8533]",1446,3,12,8,80805.53097851807,80971.65714952083,80797.68986160144,80966.42973824307
"(1, 8, 9)",80793.67836247256,80968.73256745635,"[1967, 13398, 1633, 11530]",1633,3,12,8,80805.67836247256,80976.73256745635,80797.83724555593,80971.50515617858
"(8, 16)",80796.74911813982,80968.78781304442,"[15365, 10219, 2944]",2944,2,9,6,80805.74911813982,80974.78781304442,80799.86828045234,80970.86725458609
"(8, 12, 17)",80793.74969654632,80965.85600690452,"[15365, 5970, 5084, 2109]",2109,3,12,8,80805.74969654632,80973.85600690452,80797.90857962969,80968.62859562675
"(8, 9, 14)",80793.78514098468,80967.45781724465,"[15365, 1633, 6669, 4861]",1633,3,12,8,80805.78514098468,80975.45781724465,80797.94402406804,80970.23040596688
"(8, 13, 14)",80793.81522901234,80968.07601981946,"[15365, 7198, 1104, 4861]",1104,3,12,8,80805.81522901234,80976.07601981946,80797.9741120957,80970.8486085417
"(8, 15, 19)",80793.94206843094,80967.8415193866,"[15365, 9308, 3215, 640]",640,3,12,8,80805.94206843094,80975.8415193866,80798.10095151431,80970.61410810883
"(8, 11, 12)",80793.99049638206,80964.8776354564,"[15365, 4630, 1340, 7193]",1340,3,12,8,80805.99049638206,80972.8776354564,80798.14937946542,80967.65022417864
"(8, 14, 15)",80794.0884194731,80967.78332200518,"[15365, 8302, 1006, 3855]",1006,3,12,8,80806.0884194731,80975.78332200518,80798.24730255647,80970.55591072742
"(8, 9, 12)",80794.13118254018,80965.22792044458,"[15365, 1633, 4337, 7193]",1633,3,12,8,80806.13118254018,80973.22792044458,80798.29006562354,80968.00050916681
"(8, 12, 19)",80794.14620589821,80965.62896342178,"[15365, 5970, 6553, 640]",640,3,12,8,80806.14620589821,80973.62896342178,80798.30508898158,80968.40155214402
"(8, 9, 16)",80794.22089093784,80966.57801515626,"[15365, 1633, 8586, 2944]",1633,3,12,8,80806.22089093784,80974.57801515626,80798.3797740212,80969.3506038785
"(8, 15, 17)",80794.32893546353,80967.85772392861,"[15365, 9308, 1746, 2109]",1746,3,12,8,80806.32893546353,80975.85772392861,80798.4878185469,80970.63031265084
"(8, 9, 10)",80794.44448840727,80963.46991783488,"[15365, 1633, 1551, 9979]",1551,3,12,8,80806.44448840727,80971.46991783488,80798.60337149064,80966.24250655712
"(8, 9, 11)",80794.45132875396,80964.79997640233,"[15365, 1633, 2997, 8533]",1633,3,12,8,80806.45132875396,80972.79997640233,80798.61021183732,80967.57256512456
"(8, 16, 18)",80794.72027946546,80968.33520507239,"[15365, 10219, 1603, 1341]",1341,3,12,8,80806.72027946546,80976.33520507239,80798.87916254882,80971.10779379462
"(1, 8, 19)",80794.72397471282,80971.15603597299,"[1967, 13398, 12523, 640]",640,3,12,8,80806.72397471282,80979.15603597299,80798.88285779618,80973.92862469523
"(8, 14, 19)",80794.83332546437,80969.66871802763,"[15365, 8302, 4221, 640]",640,3,12,8,80806.83332546437,80977.66871802763,80798.99220854773,80972.44130674987
"(8, 15, 16)",80794.84386667001,80967.79514300212,"[15365, 9308, 911, 2944]",911,3,12,8,80806.84386667001,80975.79514300212,80799.00274975337,80970.56773172435
"(8, 18, 19)",80795.08377946306,80968.37425457896,"[15365, 11822, 701, 640]",640,3,12,8,80807.08377946306,80976.37425457896,80799.24266254643,80971.14684330119
"(8, 17)",80798.09766726513,80970.03556652708,"[15365, 11054, 2109]",2109,2,9,6,80807.09766726513,80976.03556652708,80801.21682957765,80972.11500806875
"(8, 14, 16)",80795.11102388852,80968.93926942223,"[15365, 8302, 1917, 2944]",1917,3,12,8,80807.11102388852,80976.93926942223,80799.26990697188,80971.71185814447
"(8, 9, 17)",80795.13537213982,80967.45401795638,"[15365, 1633, 9421, 2109]",1633,3,12,8,80807.13537213982,80975.45401795638,80799.29425522318,80970.22660667861
"(8, 14, 17)",80795.18262719389,80969.60137413976,"[15365, 8302, 2752, 2109]",2109,3,12,8,80807.18262719389,80977.60137413976,80799.34151027726,80972.373962862
"(8, 9)",80798.36761574072,80968.30721583826,"[15365, 1633, 11530]",1633,2,9,6,80807.36761574072,80974.30721583826,80801.48677805324,80970.38665737993
"(8, 17, 18)",80795.54638526705,80968.73636067062,"[15365, 11054, 768, 1341]",768,3,12,8,80807.54638526705,80976.73636067062,80799.70526835042,80971.50894939285
"(8, 16, 19)",80795.80501391817,80968.85017696826,"[15365, 10219, 2304, 640]",640,3,12,8,80807.80501391817,80976.85017696826,80799.96389700154,80971.6227656905
"(1, 8)",80798.97735699848,80970.99038868531,"[1967, 13398, 13163]",1967,2,9,6,80807.97735699848,80976.99038868531,80802.096519311,80973.06983022699
"(8, 9, 19)",80796.02790182857,80967.72585036677,"[15365, 1633, 10890, 640]",640,3,12,8,80808.02790182857,80975.72585036677,80800.18678491193,80970.498439089
"(8, 16, 17)",80796.16058612628,80968.82797263765,"[15365, 10219, 835, 2109]",835,3,12,8,80808.16058612628,80976.82797263765,80800.31946920964,80971.60056135988
"(8, 19)",80799.41322798097,80970.7306843549,"[15365, 12523, 640]",640,2,9,6,80808.41322798097,80976.7306843549,80802.53239029349,80972.81012589658
"(1, 3, 13)",80796.60265495241,80986.9249034307,"[1967, 4029, 16567, 5965]",1967,3,12,8,80808.60265495241,80994.9249034307,80800.76153803577,80989.69749215293
"(3, 13)",80800.01649836561,80992.58466545398,"[5996, 16567, 5965]",5965,2,9,6,80809.01649836561,80998.58466545398,80803.13566067813,80994.66410699565
"(3, 13, 18)",80797.50125596691,80991.82738722113,"[5996, 16567, 4624, 1341]",1341,3,12,8,80809.50125596691,80999.82738722113,80801.66013905028,80994.59997594336
"(2, 3, 13)",80797.56051644741,80993.60868611012,"[3972, 2024, 16567, 5965]",2024,3,12,8,80809.56051644741,81001.60868611012,80801.71939953078,80996.38127483235
"(8, 17, 19)",80797.64214515565,80969.97746189537,"[15365, 11054, 1469, 640]",640,3,12,8,80809.64214515565,80977.97746189537,80801.80102823902,80972.7500506176
"(8,)",80803.66661026663,80970.56503706722,"[15365, 13163]",13163,1,6,4,80809.66661026663,80974.56503706722,80805.74605180831,80971.95133142834
"(2, 11, 18)",80797.86624110493,80984.67531919308,"[3972, 16023, 7192, 1341]",1341,3,12,8,80809.86624110493,80992.67531919308,80802.0251241883,80987.44790791531
"(1, 2, 11)",80798.21751946345,80979.7429088884,"[1967, 2005, 16023, 8533]",1967,3,12,8,80810.21751946345,80987.7429088884,80802.37640254681,80982.51549761063
"(2, 11, 13)",80798.29458026442,80985.98254590447,"[3972, 16023, 2568, 5965]",2568,3,12,8,80810.29458026442,80993.98254590447,80802.45346334779,80988.7551346267
"(2, 11, 15)",80798.72627940949,80985.16361772164,"[3972, 16023, 4678, 3855]",3855,3,12,8,80810.72627940949,80993.16361772164,80802.88516249285,80987.93620644388
"(3, 13, 19)",80798.7800030211,80992.78014087619,"[5996, 16567, 5325, 640]",640,3,12,8,80810.7800030211,81000.78014087619,80802.93888610446,80995.55272959842
"(2, 11, 14)",80798.9523425183,80985.87321434355,"[3972, 16023, 3672, 4861]",3672,3,12,8,80810.9523425183,80993.87321434355,80803.11122560166,80988.64580306578
"(3, 13, 15)",80799.07152693083,80991.9538166846,"[5996, 16567, 2110, 3855]",2110,3,12,8,80811.07152693083,80999.9538166846,80803.23041001419,80994.72640540684
"(3, 13, 17)",80799.19054273561,80992.7833537021,"[5996, 16567, 3856, 2109]",2109,3,12,8,80811.19054273561,81000.7833537021,80803.34942581897,80995.55594242434
"(2, 11)",80802.20736706594,80985.83987217426,"[3972, 16023, 8533]",3972,2,9,6,80811.20736706594,80991.83987217426,80805.32652937846,80987.91931371593
"(3, 13, 16)",80799.40585091163,80992.33721131747,"[5996, 16567, 3021, 2944]",2944,3,12,8,80811.40585091163,81000.33721131747,80803.564733995,80995.1098000397
"(2, 11, 16)",80799.60952295043,80985.29427712807,"[3972, 16023, 5589, 2944]",2944,3,12,8,80811.60952295043,80993.29427712807,80803.76840603379,80988.0668658503
"(3, 13, 14)",80799.88506072258,80992.47752206639,"[5996, 16567, 1104, 4861]",1104,3,12,8,80811.88506072258,81000.47752206639,80804.04394380594,80995.25011078862
"(2, 11, 17)",80799.98074517098,80985.60658068537,"[3972, 16023, 6424, 2109]",2109,3,12,8,80811.98074517098,80993.60658068537,80804.13962825434,80988.3791694076
"(2, 11, 19)",80800.41500511445,80985.43769945961,"[3972, 16023, 7893, 640]",640,3,12,8,80812.41500511445,80993.43769945961,80804.57388819782,80988.21028818184
"(2, 11, 12)",80801.20181035658,80985.60396789,"[3972, 16023, 1340, 7193]",1340,3,12,8,80813.20181035658,80993.60396789,80805.36069343994,80988.37655661223
"(1, 9, 13)",80801.2816346696,80975.64287878916,"[1967, 15031, 5565, 5965]",1967,3,12,8,80813.2816346696,80983.64287878916,80805.44051775297,80978.4154675114
"(9, 10, 18)",80801.46515041475,80971.2651014457,"[16998, 1551, 8638, 1341]",1341,3,12,8,80813.46515041475,80979.2651014457,80805.62403349811,80974.03769016793
"(1, 9, 18)",80801.6707574361,80975.13510676922,"[1967, 15031, 10189, 1341]",1341,3,12,8,80813.6707574361,80983.13510676922,80805.82964051947,80977.90769549145
"(1, 9, 15)",80801.7451367628,80974.84401871965,"[1967, 15031, 7675, 3855]",1967,3,12,8,80813.7451367628,80982.84401871965,80805.90401984616,80977.61660744189
"(9, 10, 13)",80801.75029934975,80972.55311288199,"[16998, 1551, 4014, 5965]",1551,3,12,8,80813.75029934975,80980.55311288199,80805.90918243311,80975.32570160422
"(9, 10, 15)",80802.18037957729,80971.6310573536,"[16998, 1551, 6124, 3855]",1551,3,12,8,80814.18037957729,80979.6310573536,80806.33926266065,80974.40364607584
"(9, 10, 14)",80802.61061636673,80972.60165072847,"[16998, 1551, 5118, 4861]",1551,3,12,8,80814.61061636673,80980.60165072847,80806.76949945009,80975.3742394507
"(1, 9, 14)",80802.7344158887,80976.3667705743,"[1967, 15031, 6669, 4861]",1967,3,12,8,80814.7344158887,80984.3667705743,80806.89329897206,80979.13935929653
"(9, 13)",80805.97457478018,80975.03337113367,"[16998, 5565, 5965]",5565,2,9,6,80814.97457478018,80981.03337113367,80809.0937370927,80977.11281267535
"(1, 9, 12)",80803.0804574442,80974.13687377422,"[1967, 15031, 4337, 7193]",1967,3,12,8,80815.0804574442,80982.13687377422,80807.23934052757,80976.90946249645
"(1, 9, 16)",80803.17016584185,80975.4869684859,"[1967, 15031, 8586, 2944]",1967,3,12,8,80815.17016584185,80983.4869684859,80807.32904892521,80978.25955720813
"(9, 10, 16)",80803.17667489071,80971.86006486401,"[16998, 1551, 7035, 2944]",1551,3,12,8,80815.17667489071,80979.86006486401,80807.33555797407,80974.63265358625
"(9, 18)",80806.36369754668,80974.52559911372,"[16998, 10189, 1341]",1341,2,9,6,80815.36369754668,80980.52559911372,80809.4828598592,80976.6050406554
"(1, 9, 10)",80803.3937633113,80972.37887116453,"[1967, 15031, 1551, 9979]",1551,3,12,8,80815.3937633113,80980.37887116453,80807.55264639466,80975.15145988677
"(1, 9, 11)",80803.40060365797,80973.70892973198,"[1967, 15031, 2997, 8533]",1967,3,12,8,80815.40060365797,80981.70892973198,80807.55948674133,80976.48151845421
"(9, 15)",80806.43807687337,80974.23451106418,"[16998, 7675, 3855]",3855,2,9,6,80815.43807687337,80980.23451106418,80809.55723918589,80976.31395260585
"(9, 13, 18)",80803.45933238149,80974.2760929008,"[16998, 5565, 4624, 1341]",1341,3,12,8,80815.45933238149,80982.2760929008,80807.61821546486,80977.04868162304
"(9, 10, 17)",80803.68423763578,80972.28434790547,"[16998, 1551, 7870, 2109]",1551,3,12,8,80815.68423763578,80980.28434790547,80807.84312071915,80975.0569366277
"(9, 11, 18)",80803.75241780753,80971.9348690953,"[16998, 2997, 7192, 1341]",1341,3,12,8,80815.75241780753,80979.9348690953,80807.91130089089,80974.70745781754
"(1, 10, 18)",80803.80859022267,80978.29620291965,"[1967, 16582, 8638, 1341]",1341,3,12,8,80815.80859022267,80986.29620291965,80807.96747330604,80981.06879164188
"(1, 9, 17)",80804.08464704384,80976.36297128603,"[1967, 15031, 9421, 2109]",1967,3,12,8,80816.08464704384,80984.36297128603,80808.2435301272,80979.13556000826
"(1, 10, 13)",80804.09373915766,80979.58421435594,"[1967, 16582, 4014, 5965]",1967,3,12,8,80816.09373915766,80987.58421435594,80808.25262224102,80982.35680307818
"(9, 11, 13)",80804.18075696702,80973.2420958067,"[16998, 2997, 2568, 5965]",2568,3,12,8,80816.18075696702,80981.2420958067,80808.33964005038,80976.01468452893
"(9, 10, 19)",80804.21993288156,80972.19601338047,"[16998, 1551, 9339, 640]",640,3,12,8,80816.21993288156,80980.19601338047,80808.37881596493,80974.9686021027
"(1, 9)",80807.31689064472,80977.21616916789,"[1967, 15031, 11530]",1967,2,9,6,80816.31689064472,80983.21616916789,80810.43605295724,80979.29561070957
"(9, 12, 18)",80804.33718727584,80972.49714140812,"[16998, 4337, 5852, 1341]",1341,3,12,8,80816.33718727584,80980.49714140812,80808.49607035921,80975.26973013036
"(9, 12, 13)",80804.39026536059,80973.67781406644,"[16998, 4337, 1228, 5965]",1228,3,12,8,80816.39026536059,80981.67781406644,80808.54914844396,80976.45040278867
"(9, 14)",80807.42735599927,80975.75726291882,"[16998, 6669, 4861]",4861,2,9,6,80816.42735599927,80981.75726291882,80810.54651831179,80977.8367044605
"(9, 10, 12)",80804.52010648322,80971.97414113172,"[16998, 1551, 2786, 7193]",1551,3,12,8,80816.52010648322,80979.97414113172,80808.67898956659,80974.74672985396
"(1, 10, 15)",80804.5238193852,80978.66215882756,"[1967, 16582, 6124, 3855]",1967,3,12,8,80816.5238193852,80986.66215882756,80808.68270246856,80981.43474754979
"(9, 15, 18)",80804.58992737926,80973.88045065635,"[16998, 7675, 2514, 1341]",1341,3,12,8,80816.58992737926,80981.88045065635,80808.74881046262,80976.65303937858
"(9, 11, 15)",80804.61245611208,80972.42316762387,"[16998, 2997, 4678, 3855]",2997,3,12,8,80816.61245611208,80980.42316762387,80808.77133919545,80975.1957563461
"(9, 14, 18)",80804.66501423428,80974.83770292546,"[16998, 6669, 3520, 1341]",1341,3,12,8,80816.66501423428,80982.83770292546,80808.82389731765,80977.6102916477
"(9, 13, 19)",80804.73807943567,80975.22884655588,"[16998, 5565, 5325, 640]",640,3,12,8,80816.73807943567,80983.22884655588,80808.89696251904,80978.00143527811
"(9, 12)",80807.77339755477,80973.52736611874,"[16998, 4337, 7193]",4337,2,9,6,80816.77339755477,80979.52736611874,80810.8925598673,80975.60680766041
"(9, 11, 14)",80804.8385192209,80973.13276424578,"[16998, 2997, 3672, 4861]",2997,3,12,8,80816.8385192209,80981.13276424578,80808.99740230426,80975.90535296801
"(9, 16)",80807.86310595242,80974.87746083041,"[16998, 8586, 2944]",2944,2,9,6,80816.86310595242,80980.87746083041,80810.98226826494,80976.95690237208
"(1, 10, 14)",80804.95405617464,80979.63275220242,"[1967, 16582, 5118, 4861]",1967,3,12,8,80816.95405617464,80987.63275220242,80809.112939258,80982.40534092466
"(1, 9, 19)",80804.97717673257,80976.6348036964,"[1967, 15031, 10890, 640]",640,3,12,8,80816.97717673257,80984.6348036964,80809.13605981594,80979.40739241864
"(9, 13, 15)",80805.0296033454,80974.4025223643,"[16998, 5565, 2110, 3855]",2110,3,12,8,80817.0296033454,80982.4025223643,80809.18848642877,80977.17511108653
"(9, 10)",80808.08670342187,80971.76936350905,"[16998, 1551, 9979]",1551,2,9,6,80817.08670342187,80977.76936350905,80811.20586573439,80973.84880505073
"(9, 11)",80808.09354376854,80973.09942207648,"[16998, 2997, 8533]",2997,2,9,6,80817.09354376854,80979.09942207648,80811.21270608106,80975.17886361816
"(1, 3, 14)",80805.1287816827,80994.82262553698,"[1967, 4029, 17671, 4861]",1967,3,12,8,80817.1287816827,81002.82262553698,80809.28766476606,80997.59521425921
"(9, 13, 17)",80805.14861915019,80975.2320593818,"[16998, 5565, 3856, 2109]",2109,3,12,8,80817.14861915019,80983.2320593818,80809.30750223355,80978.00464810403
"(9, 12, 14)",80805.1757844241,80973.44538409675,"[16998, 4337, 2332, 4861]",2332,3,12,8,80817.1757844241,80981.44538409675,80809.33466750746,80976.21797281898
"(1, 3, 15)",80805.22711972233,80994.31300934001,"[1967, 4029, 18677, 3855]",1967,3,12,8,80817.22711972233,81002.31300934001,80809.3860028057,80997.08559806224
"(9, 12, 15)",80805.26241688438,80973.05022768285,"[16998, 4337, 3338, 3855]",3338,3,12,8,80817.26241688438,80981.05022768285,80809.42129996774,80975.82281640508
"(10, 18)",80808.30301905956,80977.78234749511,"[18549, 8638, 1341]",1341,2,9,6,80817.30301905956,80983.78234749511,80811.42218137208,80979.86178903679
"(9, 13, 16)",80805.36392732622,80974.78591699718,"[16998, 5565, 3021, 2944]",2944,3,12,8,80817.36392732622,80982.78591699718,80809.52281040959,80977.55850571941
"(9, 10, 11)",80805.4438425091,80972.18117698524,"[16998, 1551, 1446, 8533]",1446,3,12,8,80817.4438425091,80980.18117698524,80809.60272559247,80974.95376570747
"(9, 14, 15)",80805.45522757752,80974.04719532018,"[16998, 6669, 1006, 3855]",1006,3,12,8,80817.45522757752,80982.04719532018,80809.61411066088,80976.81978404241
"(9, 15, 19)",80805.46020715637,80974.32274954162,"[16998, 7675, 3215, 640]",640,3,12,8,80817.46020715637,80982.32274954162,80809.61909023974,80977.09533826385
"(9, 11, 16)",80805.49569965302,80972.5538270303,"[16998, 2997, 5589, 2944]",2944,3,12,8,80817.49569965302,80980.5538270303,80809.65458273639,80975.32641575253
"(1, 10, 16)",80805.52011469865,80978.89116633797,"[1967, 16582, 7035, 2944]",1967,3,12,8,80817.52011469865,80986.89116633797,80809.67899778202,80981.6637550602
"(3, 14)",80808.54262509587,81000.48238756026,"[5996, 17671, 4861]",4861,2,9,6,80817.54262509587,81006.48238756026,80811.66178740839,81002.56182910193
"(10, 13)",80808.58816799457,80979.07035893142,"[18549, 4014, 5965]",4014,2,9,6,80817.58816799457,80985.07035893142,80811.7073303071,80981.1498004731
"(3, 15)",80808.6409631355,80999.9727713633,"[5996, 18677, 3855]",3855,2,9,6,80817.6409631355,81005.9727713633,80811.76012544803,81002.05221290498
"(9, 17)",80808.77758715441,80975.75346363055,"[16998, 9421, 2109]",2109,2,9,6,80817.77758715441,80981.75346363055,80811.89674946693,80977.83290517222
"(3, 14, 18)",80805.78028333088,80999.5628275669,"[5996, 17671, 3520, 1341]",1341,3,12,8,80817.78028333088,81007.5628275669,80809.93916641425,81002.33541628913
"(9, 16, 18)",80805.83426727807,80974.42485285838,"[16998, 8586, 1603, 1341]",1341,3,12,8,80817.83426727807,80982.42485285838,80809.99315036144,80977.19744158062
"(9, 13, 14)",80805.84313713716,80974.92622774608,"[16998, 5565, 1104, 4861]",1104,3,12,8,80817.84313713716,80982.92622774608,80810.00202022052,80977.69881646831
"(9, 15, 17)",80805.84707418896,80974.33895408364,"[16998, 7675, 1746, 2109]",1746,3,12,8,80817.84707418896,80982.33895408364,80810.00595727233,80977.11154280587
"(9, 11, 17)",80805.86692187357,80972.8661305876,"[16998, 2997, 6424, 2109]",2109,3,12,8,80817.86692187357,80980.8661305876,80810.02580495694,80975.63871930983
"(9, 18, 19)",80805.87186902281,80974.14708146983,"[16998, 10189, 701, 640]",640,3,12,8,80817.87186902281,80982.14708146983,80810.03075210618,80976.91967019206
"(9,)",80812.0098307553,80976.60666151241,"[16998, 11530]",11530,1,6,4,80818.0098307553,80980.60666151241,80814.08927229697,80977.99295587353
"(10, 15)",80809.0182482221,80978.14830340304,"[18549, 6124, 3855]",3855,2,9,6,80818.0182482221,80984.14830340304,80812.13741053462,80980.22774494471
"(1, 10, 17)",80806.02767744371,80979.31544937943,"[1967, 16582, 7870, 2109]",1967,3,12,8,80818.02767744371,80987.31544937943,80810.18656052707,80982.08803810166
"(10, 13, 18)",80806.07292559587,80978.31308069857,"[18549, 4014, 4624, 1341]",1341,3,12,8,80818.07292559587,80986.31308069857,80810.23180867924,80981.0856694208
"(9, 12, 16)",80806.08072720509,80973.1209570707,"[16998, 4337, 4249, 2944]",2944,3,12,8,80818.08072720509,80981.1209570707,80810.23961028845,80975.89354579293
"(2, 3, 14)",80806.0866431777,81001.5064082164,"[3972, 2024, 17671, 4861]",2024,3,12,8,80818.0866431777,81009.5064082164,80810.24552626106,81004.27899693864
"(2, 3, 15)",80806.18498121733,81000.99679201945,"[3972, 2024, 18677, 3855]",2024,3,12,8,80818.18498121733,81008.99679201945,80810.3438643007,81003.76938074168
"(9, 14, 19)",80806.20013356878,80975.93259134263,"[16998, 6669, 4221, 640]",640,3,12,8,80818.20013356878,80983.93259134263,80810.35901665215,80978.70518006486
"(9, 17, 18)",80806.22630515634,80974.45425777408,"[16998, 9421, 768, 1341]",768,3,12,8,80818.22630515634,80982.45425777408,80810.3851882397,80977.22684649631
"(9, 11, 19)",80806.30118181705,80972.69724936184,"[16998, 2997, 7893, 640]",640,3,12,8,80818.30118181705,80980.69724936184,80810.46006490041,80975.46983808407
"(9, 12, 17)",80806.35478301739,80973.3562134579,"[16998, 4337, 5084, 2109]",2109,3,12,8,80818.35478301739,80981.3562134579,80810.51366610076,80976.12880218013
"(9, 15, 16)",80806.36200539544,80974.27637315713,"[16998, 7675, 911, 2944]",911,3,12,8,80818.36200539544,80982.27637315713,80810.5208884788,80977.04896187937
"(10, 14)",80809.44848501154,80979.1188967779,"[18549, 5118, 4861]",4861,2,9,6,80818.44848501154,80985.1188967779,80812.56764732406,80981.19833831958
"(9, 14, 16)",80806.47783199293,80975.20314273724,"[16998, 6669, 1917, 2944]",1917,3,12,8,80818.47783199293,80983.20314273724,80810.6367150763,80977.97573145948
"(9, 14, 17)",80806.54943529831,80975.86524745476,"[16998, 6669, 2752, 2109]",2109,3,12,8,80818.54943529831,80983.86524745476,80810.70831838167,80978.63783617699
"(1, 10, 19)",80806.56337268949,80979.22711485442,"[1967, 16582, 9339, 640]",640,3,12,8,80818.56337268949,80987.22711485442,80810.72225577285,80981.99970357666
"(3, 14, 15)",80806.57049667412,80998.77231996162,"[5996, 17671, 1006, 3855]",1006,3,12,8,80818.57049667412,81006.77231996162,80810.72937975748,81001.54490868385
"(9, 19)",80809.67011684315,80976.02529604093,"[16998, 10890, 640]",640,2,9,6,80818.67011684315,80982.02529604093,80812.78927915567,80978.1047375826
"(10, 14, 18)",80806.68614324654,80978.19933678454,"[18549, 5118, 3520, 1341]",1341,3,12,8,80818.68614324654,80986.19933678454,80810.8450263299,80980.97192550678
"(9, 12, 19)",80806.7512923693,80973.12916997516,"[16998, 4337, 6553, 640]",640,3,12,8,80818.7512923693,80981.12916997516,80810.91017545266,80975.9017586974
"(3, 15, 18)",80806.7928136414,80999.61871095546,"[5996, 18677, 2514, 1341]",1341,3,12,8,80818.7928136414,81007.61871095546,80810.95169672476,81002.39129967769
"(1, 10, 12)",80806.86354629115,80979.00524260568,"[1967, 16582, 2786, 7193]",1967,3,12,8,80818.86354629115,80987.00524260568,80811.02242937451,80981.77783132791
"(9, 16, 19)",80806.91900173078,80974.93982475426,"[16998, 8586, 2304, 640]",640,3,12,8,80818.91900173078,80982.93982475426,80811.07788481415,80977.71241347649
"(10, 16)",80810.01454353554,80978.37731091343,"[18549, 7035, 2944]",2944,2,9,6,80819.01454353554,80984.37731091343,80813.13370584806,80980.45675245511
"(9, 11, 12)",80807.08798705917,80972.86351779223,"[16998, 2997, 1340, 7193]",1340,3,12,8,80819.08798705917,80980.86351779223,80811.24687014254,80975.63610651446
"(10, 15, 18)",80807.17009872799,80977.79424299521,"[18549, 6124, 2514, 1341]",1341,3,12,8,80819.17009872799,80985.79424299521,80811.32898181136,80980.56683171744
"(9, 16, 17)",80807.27457393889,80974.91762042364,"[16998, 8586, 835, 2109]",835,3,12,8,80819.27457393889,80982.91762042364,80811.43345702226,80977.69020914588
"(1, 2, 12)",80807.28721004835,80989.42975424667,"[1967, 2005, 17363, 7193]",1967,3,12,8,80819.28721004835,80997.42975424667,80811.44609313172,80992.2023429689
"(3, 14, 19)",80807.31540266538,81000.65771598407,"[5996, 17671, 4221, 640]",640,3,12,8,80819.31540266538,81008.65771598407,80811.47428574874,81003.4303047063
"(10, 13, 19)",80807.35167265005,80979.26583435363,"[18549, 4014, 5325, 640]",640,3,12,8,80819.35167265005,80987.26583435363,80811.51055573342,80982.03842307586
"(1, 10)",80810.43014322978,80978.80046498301,"[1967, 16582, 9979]",1967,2,9,6,80819.43014322978,80984.80046498301,80813.5493055423,80980.87990652469
"(10, 14, 15)",80807.47635658979,80977.40882917926,"[18549, 5118, 1006, 3855]",1006,3,12,8,80819.47635658979,80985.40882917926,80811.63523967315,80980.18141790149
"(10, 17)",80810.52210628061,80978.80159395491,"[18549, 7870, 2109]",2109,2,9,6,80819.52210628061,80984.80159395491,80813.64126859313,80980.88103549658
"(3, 14, 16)",80807.59310108953,80999.92826737868,"[5996, 17671, 1917, 2944]",1917,3,12,8,80819.59310108953,81007.92826737868,80811.7519841729,81002.70085610091
"(10, 13, 15)",80807.64319655979,80978.43951016205,"[18549, 4014, 2110, 3855]",2110,3,12,8,80819.64319655979,80986.43951016205,80811.80207964315,80981.21209888428
"(3, 15, 19)",80807.66309341851,81000.06100984075,"[5996, 18677, 3215, 640]",640,3,12,8,80819.66309341851,81008.06100984075,80811.82197650187,81002.83359856298
"(3, 14, 17)",80807.6647043949,81000.5903720962,"[5996, 17671, 2752, 2109]",2109,3,12,8,80819.6647043949,81008.5903720962,80811.82358747827,81003.36296081843
"(10, 13, 17)",80807.76221236457,80979.26904717955,"[18549, 4014, 3856, 2109]",2109,3,12,8,80819.76221236457,80987.26904717955,80811.92109544793,80982.04163590178
"(1, 10, 11)",80807.78728231703,80979.21227845919,"[1967, 16582, 1446, 8533]",1446,3,12,8,80819.78728231703,80987.21227845919,80811.9461654004,80981.98486718143
"(10, 18, 19)",80807.8111905357,80977.40382985123,"[18549, 8638, 701, 640]",640,3,12,8,80819.8111905357,80985.40382985123,80811.97007361906,80980.17641857346
"(2, 12, 18)",80807.84084737193,80994.49649282193,"[3972, 17363, 5852, 1341]",1341,3,12,8,80819.84084737193,81002.49649282193,80811.9997304553,80997.26908154416
"(2, 12, 13)",80807.89392545668,80995.67716548023,"[3972, 17363, 1228, 5965]",1228,3,12,8,80819.89392545668,81003.67716548023,80812.05280854004,80998.44975420246
"(10, 12, 18)",80807.9217648491,80977.46116247054,"[18549, 2786, 5852, 1341]",1341,3,12,8,80819.9217648491,80985.46116247054,80812.08064793247,80980.23375119278
"(10, 11, 18)",80807.94058519289,80977.53387005348,"[18549, 1446, 7192, 1341]",1341,3,12,8,80819.94058519289,80985.53387005348,80812.09946827625,80980.30645877571
"(10, 17, 18)",80807.97082428253,80977.50238809845,"[18549, 7870, 768, 1341]",768,3,12,8,80819.97082428253,80985.50238809845,80812.1297073659,80980.27497682068
"(10, 12, 13)",80807.97484293385,80978.64183512886,"[18549, 2786, 1228, 5965]",1228,3,12,8,80819.97484293385,80986.64183512886,80812.13372601721,80981.41442385109
"(10, 13, 16)",80807.97752054059,80978.82290479491,"[18549, 4014, 3021, 2944]",2944,3,12,8,80819.97752054059,80986.82290479491,80812.13640362395,80981.59549351715
"(10, 16, 18)",80807.98570486117,80977.92470294141,"[18549, 7035, 1603, 1341]",1341,3,12,8,80819.98570486117,80985.92470294141,80812.14458794454,80980.69729166364
"(10, 15, 19)",80808.0403785051,80978.23654188048,"[18549, 6124, 3215, 640]",640,3,12,8,80820.0403785051,80986.23654188048,80812.19926158847,80981.00913060272
"(3, 15, 17)",80808.04996045108,81000.07721438276,"[5996, 18677, 1746, 2109]",1746,3,12,8,80820.04996045108,81008.07721438276,80812.20884353445,81002.849803105
"(10, 19)",80811.05780152637,80978.7132594299,"[18549, 9339, 640]",640,2,9,6,80820.05780152637,80984.7132594299,80814.1769638389,80980.79270097158
"(10, 14, 19)",80808.22126258105,80979.29422520171,"[18549, 5118, 4221, 640]",640,3,12,8,80820.22126258105,80987.29422520171,80812.38014566441,80982.06681392394
"(2, 12)",80811.27705765086,80995.52671753253,"[3972, 17363, 7193]",3972,2,9,6,80820.27705765086,81001.52671753253,80814.39621996338,80997.6061590742
"(9, 17, 19)",80808.32206504494,80975.69535899884,"[16998, 9421, 1469, 640]",640,3,12,8,80820.32206504494,80983.69535899884,80812.4809481283,80978.46794772107
"(10, 12)",80811.35797512805,80978.49138718116,"[18549, 2786, 7193]",2786,2,9,6,80820.35797512805,80984.49138718116,80814.47713744057,80980.57082872283
"(10, 11, 13)",80808.3689243524,80978.84109676487,"[18549, 1446, 2568, 5965]",1446,3,12,8,80820.3689243524,80986.84109676487,80812.52780743576,80981.6136854871
"(10, 15, 17)",80808.42724553769,80978.2527464225,"[18549, 6124, 1746, 2109]",1746,3,12,8,80820.42724553769,80986.2527464225,80812.58612862106,80981.02533514473
"(10, 13, 14)",80808.45673035154,80978.96321554383,"[18549, 4014, 1104, 4861]",1104,3,12,8,80820.45673035154,80986.96321554383,80812.6156134349,80981.73580426606
"(10, 14, 16)",80808.49896100521,80978.56477659632,"[18549, 5118, 1917, 2944]",1917,3,12,8,80820.49896100521,80986.56477659632,80812.65784408858,80981.33736531856
"(3, 15, 16)",80808.56489165756,81000.01463345627,"[5996, 18677, 911, 2944]",911,3,12,8,80820.56489165756,81008.01463345627,80812.72377474092,81002.78722217851
"(10, 14, 17)",80808.57056431058,80979.22688131384,"[18549, 5118, 2752, 2109]",2109,3,12,8,80820.57056431058,80987.22688131384,80812.72944739394,80981.99947003607
"(2, 12, 14)",80808.67944452018,80995.44473551054,"[3972, 17363, 2332, 4861]",2332,3,12,8,80820.67944452018,81003.44473551054,80812.83832760355,80998.21732423277
"(10, 12, 14)",80808.76036199737,80978.40940515917,"[18549, 2786, 2332, 4861]",2332,3,12,8,80820.76036199737,80986.40940515917,80812.91924508073,80981.1819938814
"(2, 12, 15)",80808.76607698046,80995.04957909665,"[3972, 17363, 3338, 3855]",3338,3,12,8,80820.76607698046,81003.04957909665,80812.92496006383,80997.82216781889
"(10, 11, 15)",80808.80062349746,80978.02216858204,"[18549, 1446, 4678, 3855]",1446,3,12,8,80820.80062349746,80986.02216858204,80812.95950658082,80980.79475730428
"(10, 12, 15)",80808.84699445764,80978.01424874527,"[18549, 2786, 3338, 3855]",2786,3,12,8,80820.84699445764,80986.01424874527,80813.005877541,80980.7868374675
"(10,)",80814.92457206667,80978.28660955848,"[18549, 9979]",9979,1,6,4,80820.92457206667,80982.28660955848,80817.00401360834,80979.67290391959
"(10, 15, 16)",80808.94217674417,80978.190165496,"[18549, 6124, 911, 2944]",911,3,12,8,80820.94217674417,80986.190165496,80813.10105982753,80980.96275421823
"(10, 11, 14)",80809.02668660627,80978.73176520395,"[18549, 1446, 3672, 4861]",1446,3,12,8,80821.02668660627,80986.73176520395,80813.18556968964,80981.50435392618
"(10, 16, 19)",80809.07043931389,80978.43967483728,"[18549, 7035, 2304, 640]",640,3,12,8,80821.07043931389,80986.43967483728,80813.22932239725,80981.21226355952
"(10, 11)",80812.28171115392,80978.69842303467,"[18549, 1446, 8533]",1446,2,9,6,80821.28171115392,80984.69842303467,80815.40087346644,80980.77786457635
"(10, 16, 17)",80809.426011522,80978.41747050667,"[18549, 7035, 835, 2109]",835,3,12,8,80821.426011522,80986.41747050667,80813.58489460536,80981.1900592289
"(2, 12, 16)",80809.58438730118,80995.1203084845,"[3972, 17363, 4249, 2944]",2944,3,12,8,80821.58438730118,81003.1203084845,80813.74327038454,80997.89289720674
"(10, 12, 16)",80809.66530477835,80978.08497813312,"[18549, 2786, 4249, 2944]",2786,3,12,8,80821.66530477835,80986.08497813312,80813.82418786171,80980.85756685535
"(10, 11, 16)",80809.6838670384,80978.15282798847,"[18549, 1446, 5589, 2944]",1446,3,12,8,80821.6838670384,80986.15282798847,80813.84275012177,80980.9254167107
"(2, 12, 17)",80809.85844311348,80995.35556487169,"[3972, 17363, 5084, 2109]",2109,3,12,8,80821.85844311348,81003.35556487169,80814.01732619684,80998.12815359392
"(10, 12, 17)",80809.93936059067,80978.32023452032,"[18549, 2786, 5084, 2109]",2109,3,12,8,80821.93936059067,80986.32023452032,80814.09824367403,80981.09282324255
"(10, 11, 17)",80810.05508925894,80978.46513154577,"[18549, 1446, 6424, 2109]",1446,3,12,8,80822.05508925894,80986.46513154577,80814.2139723423,80981.237720268
"(10, 17, 19)",80810.06658417113,80978.7434893232,"[18549, 7870, 1469, 640]",640,3,12,8,80822.06658417113,80986.7434893232,80814.2254672545,80981.51607804543
"(2, 12, 19)",80810.25495246539,80995.12852138895,"[3972, 17363, 6553, 640]",640,3,12,8,80822.25495246539,81003.12852138895,80814.41383554875,80997.90111011118
"(10, 12, 19)",80810.33586994257,80978.09319103758,"[18549, 2786, 6553, 640]",640,3,12,8,80822.33586994257,80986.09319103758,80814.49475302594,80980.86577975981
"(10, 11, 19)",80810.48934920241,80978.29625032003,"[18549, 1446, 7893, 640]",640,3,12,8,80822.48934920241,80986.29625032003,80814.64823228578,80981.06883904226
"(10, 11, 12)",80811.27615444454,80978.4625187504,"[18549, 1446, 1340, 7193]",1340,3,12,8,80823.27615444454,80986.4625187504,80815.4350375279,80981.23510747263
"(1, 3, 16)",80811.72775332246,81000.1260871538,"[1967, 4029, 19588, 2944]",1967,3,12,8,80823.72775332246,81008.1260871538,80815.88663640582,81002.89867587603
"(3, 16)",80815.14159673563,81005.7858491771,"[5996, 19588, 2944]",2944,2,9,6,80824.14159673563,81011.7858491771,80818.26075904815,81007.86529071878
"(2, 3, 16)",80812.68561481743,81006.80986983323,"[3972, 2024, 19588, 2944]",2024,3,12,8,80824.68561481743,81014.80986983323,80816.84449790079,81009.58245855547
"(3, 16, 18)",80813.11275806127,81005.33324120508,"[5996, 19588, 1603, 1341]",1341,3,12,8,80825.11275806127,81013.33324120508,80817.27164114463,81008.10582992731
"(3, 16, 19)",80814.19749251398,81005.84821310094,"[5996, 19588, 2304, 640]",640,3,12,8,80826.19749251398,81013.84821310094,80818.35637559734,81008.62080182317
"(3, 16, 17)",80814.55306472209,81005.82600877032,"[5996, 19588, 835, 2109]",835,3,12,8,80826.55306472209,81013.82600877032,80818.71194780545,81008.59859749256
"(1, 3, 18)",80816.10287952422,81005.92620407938,"[1967, 4029, 21191, 1341]",1341,3,12,8,80828.10287952422,81013.92620407938,80820.26176260758,81008.69879280162
"(3, 18)",80819.51672293739,81011.58596610266,"[5996, 21191, 1341]",1341,2,9,6,80828.51672293739,81017.58596610266,80822.63588524991,81013.66540764434
"(2, 3, 18)",80817.0607410192,81012.60998675882,"[3972, 2024, 21191, 1341]",1341,3,12,8,80829.0607410192,81020.60998675882,80821.21962410257,81015.38257548105
"(1, 2, 13)",80817.1824863549,81001.16425312405,"[1967, 2005, 18591, 5965]",1967,3,12,8,80829.1824863549,81009.16425312405,80821.34136943826,81003.93684184628
"(1, 3, 17)",80817.53944968346,81005.96488712823,"[1967, 4029, 20423, 2109]",1967,3,12,8,80829.53944968346,81013.96488712823,80821.69833276683,81008.73747585046
"(3, 17)",80820.95329309664,81011.6246491515,"[5996, 20423, 2109]",2109,2,9,6,80829.95329309664,81017.6246491515,80824.07245540916,81013.70409069318
"(2, 13)",80821.17233395742,81007.26121640991,"[3972, 18591, 5965]",3972,2,9,6,80830.17233395742,81013.26121640991,80824.29149626994,81009.34065795159
"(3, 17, 18)",80818.40201109856,81010.32544329503,"[5996, 20423, 768, 1341]",768,3,12,8,80830.40201109856,81018.32544329503,80822.56089418192,81013.09803201727
"(2, 3, 17)",80818.49731117845,81012.64866980765,"[3972, 2024, 20423, 2109]",2024,3,12,8,80830.49731117845,81020.64866980765,80822.65619426181,81015.42125852988
"(2, 13, 18)",80818.65709155872,81006.50393817705,"[3972, 18591, 4624, 1341]",1341,3,12,8,80830.65709155872,81014.50393817705,80822.81597464209,81009.27652689928
"(1, 11, 18)",80818.9872600269,80991.19146078467,"[1967, 18028, 7192, 1341]",1341,3,12,8,80830.9872600269,80999.19146078467,80823.14614311027,80993.9640495069
"(3, 18, 19)",80819.02489441352,81011.20744845878,"[5996, 21191, 701, 640]",640,3,12,8,80831.02489441352,81019.20744845878,80823.18377749689,81013.98003718101
"(1, 11, 13)",80819.41559918641,80992.49868749605,"[1967, 18028, 2568, 5965]",1967,3,12,8,80831.41559918641,81000.49868749605,80823.57448226977,80995.27127621828
"(1, 11, 15)",80819.84729833147,80991.67975931322,"[1967, 18028, 4678, 3855]",1967,3,12,8,80831.84729833147,80999.67975931322,80824.00618141484,80994.45234803545
"(2, 13, 19)",80819.9358386129,81007.45669183212,"[3972, 18591, 5325, 640]",640,3,12,8,80831.9358386129,81015.45669183212,80824.09472169627,81010.22928055435
"(1, 11, 14)",80820.07336144029,80992.38935593513,"[1967, 18028, 3672, 4861]",1967,3,12,8,80832.07336144029,81000.38935593513,80824.23224452365,80995.16194465736
"(2, 13, 15)",80820.22736252264,81006.63036764054,"[3972, 18591, 2110, 3855]",2110,3,12,8,80832.22736252264,81014.63036764054,80824.386245606,81009.40295636277
"(1, 11)",80823.32838598793,80992.35601376584,"[1967, 18028, 8533]",1967,2,9,6,80832.32838598793,80998.35601376584,80826.44754830045,80994.43545530751
"(2, 13, 17)",80820.34637832742,81007.45990465804,"[3972, 18591, 3856, 2109]",2109,3,12,8,80832.34637832742,81015.45990465804,80824.50526141078,81010.23249338027
"(3, 17, 19)",80820.49777098716,81011.5665445198,"[5996, 20423, 1469, 640]",640,3,12,8,80832.49777098716,81019.5665445198,80824.65665407052,81014.33913324203
"(2, 13, 16)",80820.56168650344,81007.01376227342,"[3972, 18591, 3021, 2944]",2944,3,12,8,80832.56168650344,81015.01376227342,80824.7205695868,81009.78635099565
"(1, 11, 16)",80820.73054187241,80991.81041871963,"[1967, 18028, 5589, 2944]",1967,3,12,8,80832.73054187241,80999.81041871963,80824.88942495578,80994.58300744186
"(2, 13, 14)",80821.04089631439,81007.15407302232,"[3972, 18591, 1104, 4861]",1104,3,12,8,80833.04089631439,81015.15407302232,80825.19977939775,81009.92666174455
"(1, 11, 17)",80821.10176409295,80992.12272227694,"[1967, 18028, 6424, 2109]",1967,3,12,8,80833.10176409295,81000.12272227694,80825.26064717631,80994.89531099917
"(11, 18)",80824.49191704768,80990.44563630872,"[19995, 7192, 1341]",1341,2,9,6,80833.49191704768,80996.44563630872,80827.6110793602,80992.5250778504
"(1, 11, 19)",80821.53602403642,80991.9538410512,"[1967, 18028, 7893, 640]",640,3,12,8,80833.53602403642,80999.9538410512,80825.69490711979,80994.72642977344
"(11, 13)",80824.92025620717,80991.75286302011,"[19995, 2568, 5965]",2568,2,9,6,80833.92025620717,80997.75286302011,80828.0394185197,80993.83230456179
"(1, 11, 12)",80822.32282927855,80992.12010948158,"[1967, 18028, 1340, 7193]",1340,3,12,8,80834.32282927855,81000.12010948158,80826.48171236191,80994.89269820381
"(11, 15)",80825.35195535225,80990.93393483729,"[19995, 4678, 3855]",3855,2,9,6,80834.35195535225,80996.93393483729,80828.47111766477,80993.01337637896
"(11, 13, 18)",80822.40501380849,80990.99558478725,"[19995, 2568, 4624, 1341]",1341,3,12,8,80834.40501380849,80998.99558478725,80826.56389689185,80993.76817350948
"(11, 14)",80825.57801846106,80991.6435314592,"[19995, 3672, 4861]",3672,2,9,6,80834.57801846106,80997.6435314592,80828.69718077358,80993.72297300087
"(11, 14, 18)",80822.81567669607,80990.72397146584,"[19995, 3672, 3520, 1341]",1341,3,12,8,80834.81567669607,80998.72397146584,80826.97455977944,80993.49656018807
"(11,)",80828.83304300871,80991.6101892899,"[19995, 8533]",8533,1,6,4,80834.83304300871,80995.6101892899,80830.91248455038,80992.99648365102
"(11, 16)",80826.23519889318,80991.06459424371,"[19995, 5589, 2944]",2944,2,9,6,80835.23519889318,80997.06459424371,80829.3543612057,80993.14403578539
"(11, 15, 18)",80823.50380585814,80990.57987442944,"[19995, 4678, 2514, 1341]",1341,3,12,8,80835.50380585814,80998.57987442944,80827.6626889415,80993.35246315168
"(11, 14, 15)",80823.60589003931,80989.93346386055,"[19995, 3672, 1006, 3855]",1006,3,12,8,80835.60589003931,80997.93346386055,80827.76477312268,80992.70605258278
"(11, 17)",80826.60642111373,80991.37689780102,"[19995, 6424, 2109]",2109,2,9,6,80835.60642111373,80997.37689780102,80829.72558342625,80993.4563393427
"(11, 13, 19)",80823.68376086267,80991.94833844232,"[19995, 2568, 5325, 640]",640,3,12,8,80835.68376086267,80999.94833844232,80827.84264394603,80994.72092716456
"(11, 13, 15)",80823.9752847724,80991.12201425074,"[19995, 2568, 2110, 3855]",2110,3,12,8,80835.9752847724,80999.12201425074,80828.13416785577,80993.89460297297
"(11, 18, 19)",80824.00008852381,80990.06711866484,"[19995, 7192, 701, 640]",640,3,12,8,80836.00008852381,80998.06711866484,80828.15897160718,80992.83970738707
"(11, 19)",80827.04068105722,80991.20801657526,"[19995, 7893, 640]",640,2,9,6,80836.04068105722,80997.20801657526,80830.15984336974,80993.28745811693
"(11, 17, 18)",80824.05513911565,80990.07769194455,"[19995, 6424, 768, 1341]",768,3,12,8,80836.05513911565,80998.07769194455,80828.21402219901,80992.85028066678
"(11, 13, 17)",80824.09430057718,80991.95155126824,"[19995, 2568, 3856, 2109]",2109,3,12,8,80836.09430057718,80999.95155126824,80828.25318366055,80994.72413999047
"(11, 16, 18)",80824.20636021883,80990.61198627169,"[19995, 5589, 1603, 1341]",1341,3,12,8,80836.20636021883,80998.61198627169,80828.36524330219,80993.38457499392
"(1, 3, 19)",80824.29184790477,81013.22657448513,"[1967, 4029, 21892, 640]",640,3,12,8,80836.29184790477,81021.22657448513,80828.45073098813,81015.99916320737
"(11, 13, 16)",80824.30960875322,80991.50540888362,"[19995, 2568, 3021, 2944]",2568,3,12,8,80836.30960875322,80999.50540888362,80828.46849183658,80994.27799760585
"(11, 14, 19)",80824.35079603057,80991.818859883,"[19995, 3672, 4221, 640]",640,3,12,8,80836.35079603057,80999.818859883,80828.50967911394,80994.59144860524
"(11, 15, 19)",80824.37408563525,80991.02217331473,"[19995, 4678, 3215, 640]",640,3,12,8,80836.37408563525,80999.02217331473,80828.53296871862,80993.79476203697
"(11, 12, 18)",80824.3912760204,80990.34406029503,"[19995, 1340, 5852, 1341]",1340,3,12,8,80836.3912760204,80998.34406029503,80828.55015910376,80993.11664901726
"(11, 12, 13)",80824.44435410513,80991.52473295334,"[19995, 1340, 1228, 5965]",1228,3,12,8,80836.44435410513,80999.52473295334,80828.6032371885,80994.29732167558
"(11, 14, 16)",80824.62849445472,80991.08941127761,"[19995, 3672, 1917, 2944]",1917,3,12,8,80836.62849445472,80999.08941127761,80828.78737753809,80993.86199999985
"(11, 14, 17)",80824.7000977601,80991.75151599513,"[19995, 3672, 2752, 2109]",2109,3,12,8,80836.7000977601,80999.75151599513,80828.85898084346,80994.52410471736
"(3, 19)",80827.70569131795,81018.88633650843,"[5996, 21892, 640]",640,2,9,6,80836.70569131795,81024.88633650843,80830.82485363047,81020.9657780501
"(11, 15, 17)",80824.76095266783,80991.03837785675,"[19995, 4678, 1746, 2109]",1746,3,12,8,80836.76095266783,80999.03837785675,80828.91983575119,80993.81096657898
"(11, 13, 14)",80824.78881856415,80991.64571963252,"[19995, 2568, 1104, 4861]",1104,3,12,8,80836.78881856415,80999.64571963252,80828.94770164751,80994.41830835475
"(11, 12)",80827.82748629933,80991.37428500564,"[19995, 1340, 7193]",1340,2,9,6,80836.82748629933,80997.37428500564,80830.94664861185,80993.45372654732
"(11, 12, 14)",80825.22987316865,80991.29230298365,"[19995, 1340, 2332, 4861]",1340,3,12,8,80837.22987316865,80999.29230298365,80829.38875625201,80994.06489170589
"(2, 3, 19)",80825.24970939977,81019.91035716457,"[3972, 2024, 21892, 640]",640,3,12,8,80837.24970939977,81027.91035716457,80829.40859248313,81022.6829458868
"(11, 15, 16)",80825.2758838743,80990.97579693026,"[19995, 4678, 911, 2944]",911,3,12,8,80837.2758838743,80998.97579693026,80829.43476695767,80993.74838565249
"(11, 16, 19)",80825.29109467154,80991.12695816754,"[19995, 5589, 2304, 640]",640,3,12,8,80837.29109467154,80999.12695816754,80829.4499777549,80993.89954688978
"(11, 12, 15)",80825.31650562893,80990.89714656975,"[19995, 1340, 3338, 3855]",1340,3,12,8,80837.31650562893,80998.89714656975,80829.4753887123,80993.66973529199
"(11, 16, 17)",80825.64666687965,80991.10475383693,"[19995, 5589, 835, 2109]",835,3,12,8,80837.64666687965,80999.10475383693,80829.80554996301,80993.87734255916
"(1, 2, 3)",80825.91475656122,81017.27685342722,"[1967, 2005, 2024, 22532]",1967,3,12,8,80837.91475656122,81025.27685342722,80830.07363964459,81020.04944214945
"(1, 3)",80828.94674266873,81016.69003403366,"[1967, 4029, 22532]",1967,2,9,6,80837.94674266873,81022.69003403366,80832.06590498125,81018.76947557533
"(11, 12, 16)",80826.13481594966,80990.9678759576,"[19995, 1340, 4249, 2944]",1340,3,12,8,80838.13481594966,80998.9678759576,80830.29369903302,80993.74046467984
"(11, 17, 19)",80826.15089900425,80991.31879316931,"[19995, 6424, 1469, 640]",640,3,12,8,80838.15089900425,80999.31879316931,80830.30978208761,80994.09138189154
"(3,)",80832.36058608191,81022.34979605694,"[5996, 22532]",5996,1,6,4,80838.36058608191,81026.34979605694,80834.44002762358,81023.73609041805
"(11, 12, 17)",80826.40887176195,80991.2031323448,"[19995, 1340, 5084, 2109]",1340,3,12,8,80838.40887176195,80999.2031323448,80830.56775484531,80993.97572106704
"(11, 12, 19)",80826.80538111385,80990.97608886207,"[19995, 1340, 6553, 640]",640,3,12,8,80838.80538111385,80998.97608886207,80830.96426419722,80993.7486775843
"(2, 3)",80829.90460416372,81023.37381671308,"[3972, 2024, 22532]",2024,2,9,6,80838.90460416372,81029.37381671308,80833.02376647624,81025.45325825475
"(1, 2, 14)",80826.99666388943,81011.15245653321,"[1967, 2005, 19695, 4861]",1967,3,12,8,80838.99666388943,81019.15245653321,80831.15554697279,81013.92504525544
"(1, 2, 15)",80827.28584148534,81011.63970403261,"[1967, 2005, 20701, 3855]",1967,3,12,8,80839.28584148534,81019.63970403261,80831.4447245687,81014.41229275485
"(2, 14)",80830.98651149194,81017.24941981908,"[3972, 19695, 4861]",3972,2,9,6,80839.98651149194,81023.24941981908,80834.10567380446,81019.32886136076
"(2, 14, 18)",80828.22416972695,81016.32985982572,"[3972, 19695, 3520, 1341]",1341,3,12,8,80840.22416972695,81024.32985982572,80832.38305281031,81019.10244854796
"(2, 15)",80831.27568908785,81017.73666731849,"[3972, 20701, 3855]",3855,2,9,6,80840.27568908785,81023.73666731849,80834.39485140037,81019.81610886016
"(2, 14, 15)",80829.01438307019,81015.53935222044,"[3972, 19695, 1006, 3855]",1006,3,12,8,80841.01438307019,81023.53935222044,80833.17326615355,81018.31194094267
"(2, 15, 18)",80829.42753959374,81017.38260691066,"[3972, 20701, 2514, 1341]",1341,3,12,8,80841.42753959374,81025.38260691066,80833.58642267711,81020.15519563289
"(2, 14, 19)",80829.75928906145,81017.42474824289,"[3972, 19695, 4221, 640]",640,3,12,8,80841.75928906145,81025.42474824289,80833.91817214481,81020.19733696512
"(2, 14, 16)",80830.0369874856,81016.6952996375,"[3972, 19695, 1917, 2944]",1917,3,12,8,80842.0369874856,81024.6952996375,80834.19587056896,81019.46788835974
"(2, 14, 17)",80830.10859079097,81017.35740435502,"[3972, 19695, 2752, 2109]",2109,3,12,8,80842.10859079097,81025.35740435502,80834.26747387434,81020.12999307725
"(2, 15, 19)",80830.29781937085,81017.82490579593,"[3972, 20701, 3215, 640]",640,3,12,8,80842.29781937085,81025.82490579593,80834.45670245422,81020.59749451817
"(2, 15, 17)",80830.68468640343,81017.84111033795,"[3972, 20701, 1746, 2109]",1746,3,12,8,80842.68468640343,81025.84111033795,80834.8435694868,81020.61369906018
"(2, 15, 16)",80831.1996176099,81017.77852941144,"[3972, 20701, 911, 2944]",911,3,12,8,80843.1996176099,81025.77852941144,80835.35850069327,81020.55111813368
"(1, 12, 18)",80831.56568852864,81003.58353864524,"[1967, 19368, 5852, 1341]",1341,3,12,8,80843.56568852864,81011.58353864524,80835.72457161201,81006.35612736747
"(1, 12, 13)",80831.61876661339,81004.76421130354,"[1967, 19368, 1228, 5965]",1228,3,12,8,80843.61876661339,81012.76421130354,80835.77764969676,81007.53680002577
"(1, 12)",80835.00189880759,81004.61376335584,"[1967, 19368, 7193]",1967,2,9,6,80844.00189880759,81010.61376335584,80838.12106112011,81006.69320489751
"(1, 12, 14)",80832.40428567691,81004.53178133385,"[1967, 19368, 2332, 4861]",1967,3,12,8,80844.40428567691,81012.53178133385,80836.56316876027,81007.30437005608
"(1, 12, 15)",80832.49091813718,81004.13662491996,"[1967, 19368, 3338, 3855]",1967,3,12,8,80844.49091813718,81012.13662491996,80836.64980122054,81006.9092136422
"(1, 12, 16)",80833.30922845789,81004.20735430781,"[1967, 19368, 4249, 2944]",1967,3,12,8,80845.30922845789,81012.20735430781,80837.46811154125,81006.97994303005
"(1, 12, 17)",80833.58328427021,81004.442610695,"[1967, 19368, 5084, 2109]",1967,3,12,8,80845.58328427021,81012.442610695,80837.74216735357,81007.21519941723
"(1, 12, 19)",80833.97979362211,81004.21556721226,"[1967, 19368, 6553, 640]",640,3,12,8,80845.97979362211,81012.21556721226,80838.13867670548,81006.9881559345
"(1, 2, 16)",80834.55920925093,81019.14246212217,"[1967, 2005, 21612, 2944]",1967,3,12,8,80846.55920925093,81027.14246212217,80838.7180923343,81021.9150508444
"(12, 18)",80838.01056931255,81002.51320579671,"[21335, 5852, 1341]",1341,2,9,6,80847.01056931255,81008.51320579671,80841.12973162507,81004.59264733839
"(12, 13)",80838.0636473973,81003.69387845504,"[21335, 1228, 5965]",1228,2,9,6,80847.0636473973,81009.69387845504,80841.18280970982,81005.77331999672
"(12,)",80841.4467795915,81003.54343050733,"[21335, 7193]",7193,1,6,4,80847.4467795915,81007.54343050733,80843.52622113317,81004.92972486845
"(12, 13, 18)",80835.54840499861,81002.9366002222,"[21335, 1228, 4624, 1341]",1228,3,12,8,80847.54840499861,81010.9366002222,80839.70728808198,81005.70918894443
"(2, 16)",80838.54905685343,81025.23942540804,"[3972, 21612, 2944]",2944,2,9,6,80847.54905685343,81031.23942540804,80841.66821916595,81027.31886694972
"(12, 14)",80838.84916646082,81003.46144848535,"[21335, 2332, 4861]",2332,2,9,6,80847.84916646082,81009.46144848535,80841.96832877334,81005.54089002703
"(12, 15)",80838.93579892108,81003.06629207145,"[21335, 3338, 3855]",3338,2,9,6,80847.93579892108,81009.06629207145,80842.0549612336,81005.14573361313
"(12, 14, 18)",80836.08682469581,81002.54188849198,"[21335, 2332, 3520, 1341]",1341,3,12,8,80848.08682469581,81010.54188849198,80840.24570777918,81005.31447721421
"(2, 16, 18)",80836.52021817908,81024.78681743602,"[3972, 21612, 1603, 1341]",1341,3,12,8,80848.52021817908,81032.78681743602,80840.67910126245,81027.55940615825
"(12, 16)",80839.7541092418,81003.13702145929,"[21335, 4249, 2944]",2944,2,9,6,80848.7541092418,81009.13702145929,80842.87327155432,81005.21646300096
"(12, 13, 19)",80836.82715205279,81003.88935387725,"[21335, 1228, 5325, 640]",640,3,12,8,80848.82715205279,81011.88935387725,80840.98603513616,81006.66194259949
"(12, 14, 15)",80836.87703803906,81001.75138088671,"[21335, 2332, 1006, 3855]",1006,3,12,8,80848.87703803906,81009.75138088671,80841.03592112243,81004.52396960894
"(12, 17)",80840.02816505411,81003.37227784649,"[21335, 5084, 2109]",2109,2,9,6,80849.02816505411,81009.37227784649,80843.14732736663,81005.45171938816
"(12, 15, 18)",80837.08764942698,81002.71223166361,"[21335, 3338, 2514, 1341]",1341,3,12,8,80849.08764942698,81010.71223166361,80841.24653251034,81005.48482038584
"(12, 13, 15)",80837.11867596253,81003.06302968567,"[21335, 1228, 2110, 3855]",1228,3,12,8,80849.11867596253,81011.06302968567,80841.27755904589,81005.8356184079
"(12, 13, 17)",80837.23769176731,81003.89256670317,"[21335, 1228, 3856, 2109]",1228,3,12,8,80849.23769176731,81011.89256670317,80841.39657485067,81006.6651554254
"(12, 19)",80840.42467440602,81003.14523436375,"[21335, 6553, 640]",640,2,9,6,80849.42467440602,81009.14523436375,80843.54383671854,81005.22467590543
"(12, 13, 16)",80837.45299994334,81003.44642431854,"[21335, 1228, 3021, 2944]",1228,3,12,8,80849.45299994334,81011.44642431854,80841.61188302671,81006.21901304077
"(12, 17, 18)",80837.47688305604,81002.07307199002,"[21335, 5084, 768, 1341]",768,3,12,8,80849.47688305604,81010.07307199002,80841.6357661394,81004.84566071225
"(12, 18, 19)",80837.51874078868,81002.13468815283,"[21335, 5852, 701, 640]",640,3,12,8,80849.51874078868,81010.13468815283,80841.67762387205,81004.90727687506
"(2, 16, 19)",80837.6049526318,81025.30178933188,"[3972, 21612, 2304, 640]",640,3,12,8,80849.6049526318,81033.30178933188,80841.76383571516,81028.07437805411
"(12, 14, 19)",80837.62194403032,81003.63677690916,"[21335, 2332, 4221, 640]",640,3,12,8,80849.62194403032,81011.63677690916,80841.78082711369,81006.40936563139
"(12, 16, 18)",80837.72527056745,81002.68441348727,"[21335, 4249, 1603, 1341]",1341,3,12,8,80849.72527056745,81010.68441348727,80841.88415365081,81005.4570022095
"(12, 14, 16)",80837.89964245449,81002.90732830376,"[21335, 2332, 1917, 2944]",1917,3,12,8,80849.89964245449,81010.90732830376,80842.05852553785,81005.67991702599
"(12, 13, 14)",80837.93220975428,81003.58673506745,"[21335, 1228, 1104, 4861]",1104,3,12,8,80849.93220975428,81011.58673506745,80842.09109283764,81006.35932378969
"(12, 15, 19)",80837.95792920409,81003.1545305489,"[21335, 3338, 3215, 640]",640,3,12,8,80849.95792920409,81011.1545305489,80842.11681228745,81005.92711927113
"(2, 16, 17)",80837.9605248399,81025.27958500126,"[3972, 21612, 835, 2109]",835,3,12,8,80849.9605248399,81033.27958500126,80842.11940792327,81028.0521737235
"(12, 14, 17)",80837.97124575985,81003.56943302129,"[21335, 2332, 2752, 2109]",2109,3,12,8,80849.97124575985,81011.56943302129,80842.13012884322,81006.34202174352
"(12, 15, 17)",80838.34479623666,81003.17073509091,"[21335, 3338, 1746, 2109]",1746,3,12,8,80850.34479623666,81011.17073509091,80842.50367932003,81005.94332381315
"(12, 16, 19)",80838.81000502016,81003.19938538314,"[21335, 4249, 2304, 640]",640,3,12,8,80850.81000502016,81011.19938538314,80842.96888810353,81005.97197410537
"(12, 15, 16)",80838.85972744314,81003.10815416442,"[21335, 3338, 911, 2944]",911,3,12,8,80850.85972744314,81011.10815416442,80843.0186105265,81005.88074288666
"(12, 16, 17)",80839.16557722827,81003.17718105252,"[21335, 4249, 835, 2109]",835,3,12,8,80851.16557722827,81011.17718105252,80843.32446031163,81005.94976977476
"(12, 17, 19)",80839.57264294464,81003.31417321478,"[21335, 5084, 1469, 640]",640,3,12,8,80851.57264294464,81011.31417321478,80843.731526028,81006.08676193701
"(1, 2, 18)",80840.45859147908,81027.18497472518,"[1967, 2005, 23215, 1341]",1341,3,12,8,80852.45859147908,81035.18497472518,80844.61747456244,81029.95756344742
"(1, 2, 17)",80841.14343582786,81026.50398204495,"[1967, 2005, 22447, 2109]",1967,3,12,8,80853.14343582786,81034.50398204495,80845.30231891123,81029.27657076718
"(2, 18)",80844.44843908159,81033.28193801103,"[3972, 23215, 1341]",1341,2,9,6,80853.44843908159,81039.28193801103,80847.56760139411,81035.3613795527
"(2, 17)",80845.13328343036,81032.6009453308,"[3972, 22447, 2109]",2109,2,9,6,80854.13328343036,81038.6009453308,80848.25244574288,81034.68038687248
"(2, 17, 18)",80842.58200143228,81031.30173947435,"[3972, 22447, 768, 1341]",768,3,12,8,80854.58200143228,81039.30173947435,80846.74088451565,81034.07432819658
"(2, 18, 19)",80843.95661055773,81032.90342036715,"[3972, 23215, 701, 640]",640,3,12,8,80855.95661055773,81040.90342036715,80848.11549364109,81035.67600908938
"(2, 17, 19)",80844.67776132088,81032.5428406991,"[3972, 22447, 1469, 640]",640,3,12,8,80856.67776132088,81040.5428406991,80848.83664440425,81035.31542942133
"(1, 13)",80847.90408562959,81018.99313167558,"[1967, 20596, 5965]",1967,2,9,6,80856.90408562959,81024.99313167558,80851.02324794211,81021.07257321726
"(1, 13, 18)",80845.38884323089,81018.23585344272,"[1967, 20596, 4624, 1341]",1341,3,12,8,80857.38884323089,81026.23585344272,80849.54772631425,81021.00844216495
"(1, 13, 19)",80846.66759028507,81019.18860709779,"[1967, 20596, 5325, 640]",640,3,12,8,80858.66759028507,81027.18860709779,80850.82647336843,81021.96119582003
"(1, 13, 15)",80846.9591141948,81018.36228290621,"[1967, 20596, 2110, 3855]",1967,3,12,8,80858.9591141948,81026.36228290621,80851.11799727817,81021.13487162844
"(1, 13, 17)",80847.07812999959,81019.19181992371,"[1967, 20596, 3856, 2109]",1967,3,12,8,80859.07812999959,81027.19181992371,80851.23701308295,81021.96440864594
"(1, 13, 16)",80847.2934381756,81018.74567753909,"[1967, 20596, 3021, 2944]",1967,3,12,8,80859.2934381756,81026.74567753909,80851.45232125897,81021.51826626132
"(1, 13, 14)",80847.77264798655,81018.88598828799,"[1967, 20596, 1104, 4861]",1104,3,12,8,80859.77264798655,81026.88598828799,80851.93153106992,81021.65857701022
"(13,)",80854.93151633459,81018.26601982318,"[22563, 5965]",5965,1,6,4,80860.93151633459,81022.26601982318,80857.01095787626,81019.65231418429
"(13, 18)",80852.41627393589,81017.50874159031,"[22563, 4624, 1341]",1341,2,9,6,80861.41627393589,81023.50874159031,80855.5354362484,81019.58818313199
"(1, 2, 19)",80849.52127620528,81035.58269137172,"[1967, 2005, 23916, 640]",640,3,12,8,80861.52127620528,81043.58269137172,80853.68015928865,81038.35528009395
"(2, 19)",80853.5111238078,81041.67965465758,"[3972, 23916, 640]",640,2,9,6,80862.5111238078,81047.67965465758,80856.63028612031,81043.75909619925
"(13, 19)",80853.69502099007,81018.46149524538,"[22563, 5325, 640]",640,2,9,6,80862.69502099007,81024.46149524538,80856.81418330259,81020.54093678706
"(13, 15)",80853.9865448998,81017.6351710538,"[22563, 2110, 3855]",2110,2,9,6,80862.9865448998,81023.6351710538,80857.10570721232,81019.71461259548
"(13, 17)",80854.10556070459,81018.4647080713,"[22563, 3856, 2109]",2109,2,9,6,80863.10556070459,81024.4647080713,80857.2247230171,81020.54414961298
"(13, 16)",80854.3208688806,81018.01856568668,"[22563, 3021, 2944]",2944,2,9,6,80863.3208688806,81024.01856568668,80857.44003119312,81020.09800722836
"(13, 17, 18)",80851.5542787065,81017.16550221483,"[22563, 3856, 768, 1341]",768,3,12,8,80863.5542787065,81025.16550221483,80855.71316178987,81019.93809093707
"(13, 14)",80854.80007869155,81018.15887643558,"[22563, 1104, 4861]",1104,2,9,6,80863.80007869155,81024.15887643558,80857.91924100407,81020.23831797726
"(13, 18, 19)",80851.92444541202,81017.13022394643,"[22563, 4624, 701, 640]",640,3,12,8,80863.92444541202,81025.13022394643,80856.08332849538,81019.90281266866
"(13, 14, 18)",80852.03773692655,81017.23931644222,"[22563, 1104, 3520, 1341]",1104,3,12,8,80864.03773692655,81025.23931644222,80856.19662000991,81020.01190516446
"(1, 2)",80855.04790312608,81038.97632560076,"[1967, 2005, 24556]",1967,2,9,6,80864.04790312608,81044.97632560076,80858.1670654386,81041.05576714243
"(13, 15, 18)",80852.1383954057,81017.28111064597,"[22563, 2110, 2514, 1341]",1341,3,12,8,80864.1383954057,81025.28111064597,80856.29727848906,81020.0536993682
"(13, 16, 18)",80852.29203020626,81017.56595771466,"[22563, 3021, 1603, 1341]",1341,3,12,8,80864.29203020626,81025.56595771466,80856.45091328962,81020.33854643689
"(13, 14, 15)",80852.8279502698,81016.44880883694,"[22563, 1104, 1006, 3855]",1006,3,12,8,80864.8279502698,81024.44880883694,80856.98683335316,81019.22139755917
"(13, 15, 19)",80853.0086751828,81017.72340953125,"[22563, 2110, 3215, 640]",640,3,12,8,80865.0086751828,81025.72340953125,80857.16755826617,81020.49599825348
"(2,)",80859.03775072859,81045.07328888662,"[3972, 24556]",3972,1,6,4,80865.03775072859,81049.07328888662,80861.11719227026,81046.45958324774
"(13, 16, 19)",80853.37676465897,81018.08092961051,"[22563, 3021, 2304, 640]",640,3,12,8,80865.37676465897,81026.08092961051,80857.53564774233,81020.85351833275
"(13, 15, 17)",80853.39554221538,81017.73961407326,"[22563, 2110, 1746, 2109]",1746,3,12,8,80865.39554221538,81025.73961407326,80857.55442529875,81020.5122027955
"(13, 14, 19)",80853.57285626106,81018.33420485939,"[22563, 1104, 4221, 640]",640,3,12,8,80865.57285626106,81026.33420485939,80857.73173934442,81021.10679358162
"(13, 17, 19)",80853.65003859511,81018.4066034396,"[22563, 3856, 1469, 640]",640,3,12,8,80865.65003859511,81026.4066034396,80857.80892167847,81021.17919216183
"(13, 16, 17)",80853.73233686708,81018.0587252799,"[22563, 3021, 835, 2109]",835,3,12,8,80865.73233686708,81026.0587252799,80857.89121995044,81020.83131400213
"(13, 14, 16)",80853.85055468522,81017.604756254,"[22563, 1104, 1917, 2944]",1104,3,12,8,80865.85055468522,81025.604756254,80858.00943776859,81020.37734497624
"(13, 15, 16)",80853.91047342186,81017.67703314676,"[22563, 2110, 911, 2944]",911,3,12,8,80865.91047342186,81025.67703314676,80858.06935650522,81020.44962186899
"(13, 14, 17)",80853.92215799059,81018.26686097152,"[22563, 1104, 2752, 2109]",1104,3,12,8,80865.92215799059,81026.26686097152,80858.08104107395,81021.03944969375
"(1, 14)",80859.94308124925,81031.29755348577,"[1967, 21700, 4861]",1967,2,9,6,80868.94308124925,81037.29755348577,80863.06224356177,81033.37699502744
"(1, 14, 18)",80857.18073948426,81030.37799349241,"[1967, 21700, 3520, 1341]",1341,3,12,8,80869.18073948426,81038.37799349241,80861.33962256763,81033.15058221464
"(1, 14, 15)",80857.9709528275,81029.58748588712,"[1967, 21700, 1006, 3855]",1006,3,12,8,80869.9709528275,81037.58748588712,80862.12983591086,81032.36007460936
"(1, 15)",80861.18625297178,81032.8803736896,"[1967, 22706, 3855]",1967,2,9,6,80870.18625297178,81038.8803736896,80864.3054152843,81034.95981523127
"(1, 14, 19)",80858.71585881876,81031.47288190958,"[1967, 21700, 4221, 640]",640,3,12,8,80870.71585881876,81039.47288190958,80862.87474190212,81034.24547063181
"(1, 14, 16)",80858.99355724291,81030.74343330419,"[1967, 21700, 1917, 2944]",1917,3,12,8,80870.99355724291,81038.74343330419,80863.15244032627,81033.51602202642
"(1, 14, 17)",80859.06516054829,81031.4055380217,"[1967, 21700, 2752, 2109]",1967,3,12,8,80871.06516054829,81039.4055380217,80863.22404363165,81034.17812674394
"(1, 15, 18)",80859.33810347767,81032.52631328176,"[1967, 22706, 2514, 1341]",1341,3,12,8,80871.33810347767,81040.52631328176,80863.49698656103,81035.298902004
"(1, 15, 19)",80860.20838325478,81032.96861216704,"[1967, 22706, 3215, 640]",640,3,12,8,80872.20838325478,81040.96861216704,80864.36726633814,81035.74120088927
"(1, 15, 17)",80860.59525028736,81032.98481670905,"[1967, 22706, 1746, 2109]",1746,3,12,8,80872.59525028736,81040.98481670905,80864.75413337072,81035.75740543129
"(1, 15, 16)",80861.11018149383,81032.92223578255,"[1967, 22706, 911, 2944]",911,3,12,8,80873.11018149383,81040.92223578255,80865.2690645772,81035.69482450478
"(14,)",80867.46205335278,81030.89991332284,"[23667, 4861]",4861,1,6,4,80873.46205335278,81034.89991332284,80869.54149489445,81032.28620768395
"(14, 18)",80864.69971158777,81029.98035332948,"[23667, 3520, 1341]",1341,2,9,6,80873.69971158777,81035.98035332948,80867.8188739003,81032.05979487115
"(14, 15)",80865.48992493103,81029.18984572419,"[23667, 1006, 3855]",1006,2,9,6,80874.48992493103,81035.18984572419,80868.60908724355,81031.26928726587
"(15,)",80868.94049255855,81032.72204659035,"[24673, 3855]",3855,1,6,4,80874.94049255855,81036.72204659035,80871.01993410023,81034.10834095147
"(14, 19)",80866.23483092229,81031.07524174664,"[23667, 4221, 640]",640,2,9,6,80875.23483092229,81037.07524174664,80869.3539932348,81033.15468328832
"(14, 16)",80866.51252934645,81030.34579314126,"[23667, 1917, 2944]",1917,2,9,6,80875.51252934645,81036.34579314126,80869.63169165897,81032.42523468293
"(14, 17)",80866.58413265181,81031.00789785877,"[23667, 2752, 2109]",2109,2,9,6,80875.58413265181,81037.00789785877,80869.70329496433,81033.08733940044
"(14, 15, 18)",80863.64177543692,81028.83578531636,"[23667, 1006, 2514, 1341]",1006,3,12,8,80875.64177543692,81036.83578531636,80867.80065852028,81031.6083740386
"(14, 17, 18)",80864.03285065373,81029.70869200231,"[23667, 2752, 768, 1341]",768,3,12,8,80876.03285065373,81037.70869200231,80868.1917337371,81032.48128072455
"(15, 18)",80867.09234306445,81032.36798618251,"[24673, 2514, 1341]",1341,2,9,6,80876.09234306445,81038.36798618251,80870.21150537697,81034.44742772418
"(14, 18, 19)",80864.20788306391,81029.60183568558,"[23667, 3520, 701, 640]",640,3,12,8,80876.20788306391,81037.60183568558,80868.36676614727,81032.37442440781
"(14, 16, 18)",80864.48369067209,81029.89318516923,"[23667, 1917, 1603, 1341]",1341,3,12,8,80876.48369067209,81037.89318516923,80868.64257375545,81032.66577389147
"(14, 15, 19)",80864.51205521403,81029.27808420164,"[23667, 1006, 3215, 640]",640,3,12,8,80876.51205521403,81037.27808420164,80868.6709382974,81032.05067292387
"(14, 15, 17)",80864.89892224662,81029.29428874365,"[23667, 1006, 1746, 2109]",1006,3,12,8,80876.89892224662,81037.29428874365,80869.05780532998,81032.06687746588
"(15, 19)",80867.96262284156,81032.8102850678,"[24673, 3215, 640]",640,2,9,6,80876.96262284156,81038.8102850678,80871.08178515408,81034.88972660947
"(15, 17)",80868.34948987415,81032.82648960981,"[24673, 1746, 2109]",1746,2,9,6,80877.34948987415,81038.82648960981,80871.46865218667,81034.90593115149
"(14, 15, 16)",80865.4138534531,81029.23170781715,"[23667, 1006, 911, 2944]",911,3,12,8,80877.4138534531,81037.23170781715,80869.57273653646,81032.00429653938
"(14, 16, 19)",80865.5684251248,81030.40815706509,"[23667, 1917, 2304, 640]",640,3,12,8,80877.5684251248,81038.40815706509,80869.72730820817,81033.18074578732
"(15, 17, 18)",80865.79820787607,81031.52728375336,"[24673, 1746, 768, 1341]",768,3,12,8,80877.79820787607,81039.52728375336,80869.95709095943,81034.29987247559
"(15, 16)",80868.86442108062,81032.76390868332,"[24673, 911, 2944]",911,2,9,6,80877.86442108062,81038.76390868332,80871.98358339314,81034.843350225
"(14, 16, 17)",80865.92399733291,81030.38595273448,"[23667, 1917, 835, 2109]",835,3,12,8,80877.92399733291,81038.38595273448,80870.08288041627,81033.15854145671
"(14, 17, 19)",80866.12861054234,81030.94979322706,"[23667, 2752, 1469, 640]",640,3,12,8,80878.12861054234,81038.94979322706,80870.2874936257,81033.7223819493
"(15, 18, 19)",80866.60051454058,81031.98946853862,"[24673, 2514, 701, 640]",640,3,12,8,80878.60051454058,81039.98946853862,80870.75939762394,81034.76205726086
"(15, 16, 18)",80866.83558240626,81032.3113007113,"[24673, 911, 1603, 1341]",911,3,12,8,80878.83558240626,81040.3113007113,80870.99446548962,81035.08388943353
"(1, 16)",80870.17588796507,81042.04969315827,"[1967, 23617, 2944]",1967,2,9,6,80879.17588796507,81048.04969315827,80873.2950502776,81044.12913469995
"(15, 17, 19)",80867.89396776467,81032.7683849781,"[24673, 1746, 1469, 640]",640,3,12,8,80879.89396776467,81040.7683849781,80872.05285084803,81035.54097370034
"(15, 16, 19)",80867.92031685897,81032.82627260716,"[24673, 911, 2304, 640]",640,3,12,8,80879.92031685897,81040.82627260716,80872.07919994234,81035.59886132939
"(1, 16, 18)",80868.14704929072,81041.59708518625,"[1967, 23617, 1603, 1341]",1341,3,12,8,80880.14704929072,81049.59708518625,80872.30593237409,81044.36967390848
"(15, 16, 17)",80868.27588906708,81032.80406827654,"[24673, 911, 835, 2109]",835,3,12,8,80880.27588906708,81040.80406827654,80872.43477215045,81035.57665699878
"(1, 16, 19)",80869.23178374344,81042.11205708212,"[1967, 23617, 2304, 640]",640,3,12,8,80881.23178374344,81050.11205708212,80873.3906668268,81044.88464580436
"(1, 16, 17)",80869.58735595155,81042.08985275151,"[1967, 23617, 835, 2109]",835,3,12,8,80881.58735595155,81050.08985275151,80873.74623903491,81044.86244147374
"(16,)",80878.23524658234,81042.37081395401,"[25584, 2944]",2944,1,6,4,80884.23524658234,81046.37081395401,80880.31468812401,81043.75710831513
"(16, 18)",80876.20640790799,81041.91820598199,"[25584, 1603, 1341]",1341,2,9,6,80885.20640790799,81047.91820598199,80879.3255702205,81043.99764752366
"(16, 19)",80877.2911423607,81042.43317787786,"[25584, 2304, 640]",640,2,9,6,80886.2911423607,81048.43317787786,80880.41030467322,81044.51261941953
"(16, 17)",80877.64671456881,81042.41097354724,"[25584, 835, 2109]",835,2,9,6,80886.64671456881,81048.41097354724,80880.76587688133,81044.49041508892
"(16, 17, 18)",80875.09543257073,81041.11176769077,"[25584, 835, 768, 1341]",768,3,12,8,80887.09543257073,81049.11176769077,80879.25431565409,81043.88435641301
"(1, 17)",80878.34433155518,81051.08098533312,"[1967, 24452, 2109]",1967,2,9,6,80887.34433155518,81057.08098533312,80881.4634938677,81053.16042687479
"(1, 18)",80878.49862492265,81052.65440596914,"[1967, 25220, 1341]",1341,2,9,6,80887.49862492265,81058.65440596914,80881.61778723517,81054.73384751081
"(16, 18, 19)",80875.71457938412,81041.5396883381,"[25584, 1603, 701, 640]",640,3,12,8,80887.71457938412,81049.5396883381,80879.87346246748,81044.31227706034
"(1, 17, 18)",80875.7930495571,81049.78177947665,"[1967, 24452, 768, 1341]",768,3,12,8,80887.7930495571,81057.78177947665,80879.95193264047,81052.55436819888
"(16, 17, 19)",80877.19119245933,81042.35286891554,"[25584, 835, 1469, 640]",640,3,12,8,80889.19119245933,81050.35286891554,80881.3500755427,81045.12545763777
"(1, 17, 19)",80877.8888094457,81051.0228807014,"[1967, 24452, 1469, 640]",640,3,12,8,80889.8888094457,81059.0228807014,80882.04769252907,81053.79546942364
"(1, 18, 19)",80878.00679639878,81052.27588832525,"[1967, 25220, 701, 640]",640,3,12,8,80890.00679639878,81060.27588832525,80882.16567948215,81055.04847704749
"(17,)",80886.91045288245,81051.73149830618,"[26419, 2109]",2109,1,6,4,80892.91045288245,81055.73149830618,80888.98989442413,81053.1177926673
"(18,)",80887.32071853447,81053.5470415267,"[27187, 1341]",1341,1,6,4,80893.32071853447,81057.5470415267,80889.40016007614,81054.93333588782
"(17, 18)",80884.35917088437,81050.43229244972,"[26419, 768, 1341]",768,2,9,6,80893.35917088437,81056.43229244972,80887.4783331969,81052.5117339914
"(17, 19)",80886.45493077298,81051.67339367447,"[26419, 1469, 640]",640,2,9,6,80895.45493077298,81057.67339367447,80889.5740930855,81053.75283521615
"(18, 19)",80886.8288900106,81053.16852388282,"[27187, 701, 640]",640,2,9,6,80895.8288900106,81059.16852388282,80889.94805232312,81055.2479654245
"(17, 18, 19)",80883.8673423605,81050.05377480583,"[26419, 768, 701, 640]",640,3,12,8,80895.8673423605,81058.05377480583,80888.02622544387,81052.82636352806
"(1, 19)",80888.98913428433,81062.65839193549,"[1967, 25921, 640]",640,2,9,6,80897.98913428433,81068.65839193549,80892.10829659685,81064.73783347716
"(1,)",80895.39846581407,81067.02943048907,"[1967, 26561]",1967,1,6,4,80901.39846581407,81071.02943048907,80897.47790735574,81068.41572485019
"(19,)",80898.23739352623,81064.00037647609,"[27888, 640]",640,1,6,4,80904.23739352623,81068.00037647609,80900.3168350679,81065.38667083721
