empirical_mean_y0,empirical_mean_y5,empirical_mean_y10,empirical_mean_y20,simulated_mean_y0,simulated_mean_y5,simulated_mean_y10,simulated_mean_y20,empirical_median_y0,empirical_median_y5,empirical_median_y10,empirical_median_y20,simulated_median_y0,simulated_median_y5,simulated_median_y10,simulated_median_y20,empirical_frac_zero_y0,empirical_frac_zero_y5,empirical_frac_zero_y10,empirical_frac_zero_y20,simulated_frac_zero_y0,simulated_frac_zero_y5,simulated_frac_zero_y10,simulated_frac_zero_y20,dropout_gamma_log1p_q,dropout_nll,restart_rho_zero_run_excess,restart_duration_nll,p_init_active,gamma_q0_shape,gamma_q0_scale,gamma_q0_rate,alpha_restart,lambda_restart,restart_n,simulated_y20_q95,simulated_y20_q99,simulated_y20_max,ks_year_max_stat,ks_year_max_p,ks_cum_y5_stat,ks_cum_y5_p,ks_zero_count_stat,ks_zero_count_p
4.3046789420568725,7.7293193247281256,6.428625690650365,5.797863158935677,4.319175644649354,7.577882108753896,6.280400951488652,5.603270316065734,3.2254690051933212,6.352936743250421,4.6144047052993615,3.694654372707577,3.599285901655728,5.6117737306254885,4.330990373160571,3.635054765819182,0.2097631706138231,0.1137461572244181,0.14608512874408827,0.18181818181818182,0.20858,0.12314,0.15226,0.1847,1.1885530696134916,8604.20160042513,0.2992232754767833,3479.3443380197377,0.7902368293861769,2.15167023161791,2.531674038263246,0.3949955582299252,4.299784306131943,0.23256980555371004,3061,18.24818199129901,33.25045373348158,141.87284937870146,0.08780492753623181,5.114915016728048e-05,0.028630434782608627,0.6214123672979468,0.14459565217391307,6.88104814693488e-13
