model,source,stage,n,mu_hat,alpha_hat,ks_stat,mean,sd,q01,q50,q99
All empirical,empirical,B. years 1-4,8851,0.0,3.8794699794521175,0.10104029915079127,0.7566857884186432,5.414003638482167,-13.371327176636445,0.0,15.42888817528625
All empirical,empirical,C. years 5-7,6401,-0.19070829847287118,3.937164819826284,0.09094968404731696,-0.4293101121232969,5.62234487365489,-15.275857311920209,-0.19070829847287118,15.502144313699768
All empirical,empirical,D. years 8-20,17382,-0.07930790735506177,3.3630526676202637,0.10404127975652189,-0.22096704639996964,4.886889483909737,-13.966737360017662,-0.07930790735506177,13.73290705067161
Hurdle-AR(1)-GRW-PG-ZD,simulated,B. years 1-4,200000,0.29818203655255326,4.245251720949927,0.052960427122272,0.7178754331313782,6.7937513444044395,-18.084604619966566,0.29818203655255326,21.457317269865072
Hurdle-AR(1)-GRW-PG-ZD,simulated,C. years 5-7,150000,0.0,4.397633878385761,0.051338643902620884,-0.3386783383556834,7.21249780538342,-21.437285762032847,0.0,20.479474740376876
Hurdle-AR(1)-GRW-PG-ZD,simulated,D. years 8-20,600000,0.0,3.844933413591279,0.05032470603526662,-0.07988139813509271,6.64724048296751,-19.36874716674525,0.0,19.327257892250856
