model,source,stage,n,mu_hat,alpha_hat,ks_stat,mean,sd,q01,q50,q99
All empirical,empirical,B. years 1-4,8851,0.0,3.8794699794521175,0.10104029915079127,0.7566857884186432,5.414003638482167,-13.371327176636445,0.0,15.42888817528625
All empirical,empirical,C. years 5-7,6401,-0.19070829847287118,3.937164819826284,0.09094968404731696,-0.4293101121232969,5.62234487365489,-15.275857311920209,-0.19070829847287118,15.502144313699768
All empirical,empirical,D. years 8-20,17382,-0.07930790735506177,3.3630526676202637,0.10404127975652189,-0.22096704639996964,4.886889483909737,-13.966737360017662,-0.07930790735506177,13.73290705067161
Hurdle-AR(1)-GRW-PG-ZD-RM,simulated,B. years 1-4,40000,0.2993071125377591,4.420378205332674,0.049178576871155566,0.7498310406792851,6.9553877039035354,-18.412168080607888,0.2993071125377591,21.965330663351917
Hurdle-AR(1)-GRW-PG-ZD-RM,simulated,C. years 5-7,30000,-0.019097633043701157,4.5524127980258005,0.04789820331023975,-0.35623394387240065,7.2041296214647454,-22.35872956528583,-0.019097633043701157,19.893632256682345
Hurdle-AR(1)-GRW-PG-ZD-RM,simulated,D. years 8-20,120000,0.0,3.7846822552763295,0.046294917658524226,-0.10103589386907547,6.4196797383768125,-19.1207374677532,0.0,18.318943147233878
