empirical_mean_y0,empirical_mean_y5,empirical_mean_y10,empirical_mean_y20,simulated_mean_y0,simulated_mean_y5,simulated_mean_y10,simulated_mean_y20,empirical_median_y0,empirical_median_y5,empirical_median_y10,empirical_median_y20,simulated_median_y0,simulated_median_y5,simulated_median_y10,simulated_median_y20,empirical_frac_zero_y0,empirical_frac_zero_y5,empirical_frac_zero_y10,empirical_frac_zero_y20,simulated_frac_zero_y0,simulated_frac_zero_y5,simulated_frac_zero_y10,simulated_frac_zero_y20,lambda_restart,alpha_restart,restart_n,simulated_y20_q95,simulated_y20_q99,simulated_y20_max,ks_year_max_stat,ks_year_max_p,ks_cum_y5_stat,ks_cum_y5_p,ks_zero_count_stat,ks_zero_count_p
4.3046789420568725,7.7293193247281256,6.428625690650365,5.797863158935677,4.300162880948452,7.232325330864843,5.9177795855974,5.1747954497742805,3.2254690051933212,6.352936743250421,4.6144047052993615,3.694654372707577,2.4917187749937058,5.332783435044834,4.095853219718839,3.3364744953102807,0.2097631706138231,0.1137461572244181,0.14608512874408827,0.18181818181818182,0.20858,0.11316,0.14582,0.1744,0.23256980555371004,4.299784306131943,3061,16.737486613615307,30.801966327747973,139.46218541663438,0.07616492753623183,0.0006985960844521021,0.07006231884057967,0.0023710117875001308,0.15497565217391307,9.487995177832278e-15
